"","Date","thermo_depth","Vol_Weighted_DO","hypoVolume","Conc","Temp","Temp_sed","Chla_ugL","SA_m2"
"1",2013-04-04 20:00:00,3.97216993188583,622148634.47442,54423753,11.4315643479129,6.2183906233056,5.8753,5.68347222222222,10690.8888888889
"2",2013-04-11 20:00:00,2.96944064109632,952084692.31938,85840211,11.0913601123299,7.18820131691661,6.3098,6.69860476190476,14478.5238095238
"3",2013-04-18 20:00:00,3.64424893832359,664401872.70792,63506636,10.461928304751,7.38636582395893,6.5933,5.20226842105263,11794.2105263158
"4",2013-04-25 20:00:00,3.95132541902869,483728198.8407,54423753,8.88818157837627,7.42608498954124,6.9163,2.14900555555556,10690.8888888889
"5",2013-04-30 20:00:00,4.12455053192783,393514345.82548,46158541,8.52527695417149,7.6450691816364,7.0142,0.766205882352941,9645.05882352941
"6",2013-05-02 20:00:00,4.38051937726889,376915044.71621,46158541,8.16566201076871,7.87818003422812,7.0681,0.666082352941176,9645.05882352941
"7",2013-05-09 20:00:00,4.57854249673472,292699184.24587,38786372,7.54644399960558,8.03396090862533,7.2842,0.5966125,8610.1875
"8",2013-05-14 20:00:00,4.73839985813694,203883401.16766,32352928,6.30185314811877,7.97354731806345,7.5106,0.554393333333333,7683.13333333333
"9",2013-05-15 20:00:00,4.41148908311352,258760477.13907,38786372,6.67142771536018,8.22830405580599,7.7736,0.8200375,8610.1875
"10",2013-05-16 20:00:00,4.87195181864404,236592243.20374,32352928,7.31285413189619,8.13167624518251,7.9559,1.01751333333333,7683.13333333333
"11",2013-05-21 20:00:00,4.83037275819674,289341362.93689,32352928,8.94328213313151,8.69793502415917,8.5995,2.1416,7683.13333333333
"12",2013-05-23 20:00:00,4.34569691373705,428556275.98635,46158541,9.28444155083563,8.7856863853994,8.6955,2.60868235294118,9645.05882352941
"13",2013-05-30 20:00:00,4.43960362479603,407467676.2886,38786372,10.505434132602,9.27722861476706,9.1321,4.28774375,8610.1875
"14",2013-06-04 20:00:00,4.49025115195347,434235595.50038,38786372,11.1955713594553,9.55109942175824,9.4274,3.2802875,8610.1875
"15",2013-06-06 20:00:00,4.42874558962541,450991523.68496,38786372,11.6275769150298,9.62167267565783,9.556,3.43821875,8610.1875
"16",2013-06-13 20:00:00,4.42759918537384,474993084.50517,38786372,12.2463911939268,9.93898759753297,9.8544,2.20488125,8610.1875
"17",2013-06-20 20:00:00,4.60184503119378,447101938.29089,38786372,11.5272946459362,10.1902527434636,10.0393,2.7176625,8610.1875
"18",2013-06-25 20:00:00,4.61522999144636,434376176.37262,38786372,11.1991958508679,10.262470580195,9.9207,2.22249375,8610.1875
"19",2013-06-27 20:00:00,4.65222021597506,416477256.75441,38786372,10.7377214026207,10.25660510519,9.9542,2.16396875,8610.1875
"20",2013-07-03 20:00:00,5.06328310171987,277935614.78258,26795628,10.372423993294,10.2097937514135,9.9073,2.06702142857143,6807.28571428571
"21",2013-07-11 20:00:00,6.54262080856022,66470217.66996,8600316,7.72881108902975,10.6401620839862,10.2905,2.2266,3507
"22",2013-07-15 20:00:00,6.18409349732837,86176388.7368,14388265,5.98935234629054,10.973531999494,10.3391,2.10849090909091,4703.63636363636
"23",2013-07-18 20:00:00,4.94684322549199,218056487.09187,32352928,6.73993052782951,11.960302074517,10.5049,2.69226666666667,7683.13333333333
"24",2013-07-22 20:00:00,5.84829296826394,90889946.49608,17925610,5.07039629312922,10.954862627057,10.3509,1.76683333333333,5325.83333333333
"25",2013-07-25 20:00:00,5.68347793965761,121407574.90979,17925610,6.77285598145837,11.0144025610007,10.5104,2.65618333333333,5325.83333333333
"26",2013-07-29 20:00:00,6.1679375346588,80789524.03271,14388265,5.61495941537844,11.0626160064539,10.4464,1.94979090909091,4703.63636363636
"27",2013-08-01 20:00:00,5.90350814544539,83309236.94129,14388265,5.7900821913754,11.0565469587334,10.5968,2.65707272727273,4703.63636363636
"28",2013-08-08 20:00:00,5.38432041643687,129918302.87388,22022707,5.89928853314354,11.5424480045664,11.2954,2.7784,6048.15384615385
"29",2013-08-12 20:00:00,8.84933498789511,648142.3191,94098,6.88795,12.4659,12.4659,2.7137,282.5
"30",2013-08-28 20:00:00,4.82593683828023,236665666.50275,32352928,7.31512358024442,12.344618601661,12.1406,4.12632666666667,7683.13333333333
"31",2013-09-18 20:00:00,4.88279098679503,327413425.91049,32352928,10.1200554679468,13.0187013520538,12.8963,6.49351333333333,7683.13333333333
"32",2013-09-25 20:00:00,4.83655689959975,351532201.46354,32352928,10.8655451977496,13.2273994633747,13.0958,5.63180666666667,7683.13333333333
"33",2013-10-16 20:00:00,5.42301472468645,170307887.97588,22022707,7.73328582975199,13.2783743200416,13.1751,3.44307692307692,6048.15384615385
"34",2013-10-23 20:00:00,5.22901189840259,256757095.94763,26795628,9.58205181634967,13.6125758994938,13.5307,1.64137142857143,6807.28571428571
"35",2014-05-05 20:03:16,4.55882975216924,266090459.4141,38786372,6.86041116230464,8.5503477199801,7.6701,1.5686125,8610.1875
"36",2014-05-06 16:31:31,4.15896500299771,320299172.42887,46158541,6.93910954483743,8.77226184708914,7.6683,2.09362352941176,9645.05882352941
"37",2014-05-06 17:44:57,3.81424296570873,397707839.97528,54423753,7.30761511385075,9.00454035763575,7.6703,2.24488888888889,10690.8888888889
"38",2014-05-06 18:39:50,5.28455120657625,170746716.00539,26795628,6.37218564182896,8.38565332438187,7.7312,1.4926,6807.28571428571
"39",2014-05-06 19:49:14,4.96614861770353,214845848.75342,32352928,6.64069257513323,8.54527220395013,7.8173,1.79459333333333,7683.13333333333
"40",2014-05-06 22:23:05,4.93025874604239,202225643.27128,32352928,6.25061333772572,8.28948935624003,7.8804,1.37882,7683.13333333333
"41",2014-05-07 17:11:50,4.74836420636703,229310620.45775,32352928,7.08778570081045,8.62624861747289,8.165,2.24263333333333,7683.13333333333
"42",2014-05-07 18:42:59,5.26467779270559,187089467.00203,26795628,6.98208927971496,8.3562938079003,8.1774,1.82785,6807.28571428571
"43",2014-05-08 18:39:24,4.81222000935413,242819037.89076,32352928,7.50531877333514,8.69672508846185,8.3272,2.41693333333333,7683.13333333333
"44",2014-05-09 16:30:40,5.09994069767691,210307358.15467,26795628,7.848569854555,8.47792224584548,8.4142,2.7035,6807.28571428571
"45",2014-05-10 20:31:23,5.03103100377757,219610071.68404,26795628,8.19574266682759,8.59443192554024,8.5441,2.76385,6807.28571428571
"46",2014-05-10 22:28:02,4.77515629107893,263968697.69951,32352928,8.15903579730125,8.64630265202581,8.549,2.79727333333333,7683.13333333333
"47",2014-05-12 18:18:28,5.08611004004608,205756729.20942,26795628,7.67874256238443,8.75417605035792,8.69,3.19685714285714,6807.28571428571
"48",2014-05-14 18:56:11,4.90203677191802,239972268.47559,32352928,7.41732768284806,8.89565804090746,8.8243,3.61109333333333,7683.13333333333
"49",2014-05-15 17:49:54,4.8500975730957,250502839.36655,32352928,7.74281818840477,8.97409087937574,8.8883,3.95204,7683.13333333333
"50",2014-05-19 18:27:32,5.02630581385541,223558614.3153,26795628,8.34310038620106,9.18438887830134,9.135,3.59415,6807.28571428571
"51",2014-05-22 18:30:56,4.59607907864498,336149329.95628,38786372,8.66668658662584,9.38432701360932,9.3004,3.06975625,8610.1875
"52",2014-05-26 18:33:29,4.69547090722642,349307191.86743,38786372,9.00592589240958,9.58135408551488,9.5098,2.9254625,8610.1875
"53",2014-05-28 18:03:09,9.3,62649.37692,9358,6.69474,22.7296,22.7296,2.8684,62
"54",2014-05-28 20:45:22,4.79259872758489,298913275.892,32352928,9.23914138133031,9.63425338719883,9.5788,2.57218666666667,7683.13333333333
"55",2014-06-02 19:18:43,4.53972214486782,368257795.22732,38786372,9.49451511544622,9.87257138788078,9.8135,1.87634375,8610.1875
"56",2014-06-03 16:28:00,4.52827451395977,369965881.81385,38786372,9.53855343350623,9.92147352948866,9.8447,2.1481,8610.1875
"57",2014-06-03 18:05:03,4.50315290089628,370329999.62265,38786372,9.54794121045015,9.92657391142177,9.8596,2.00354375,8610.1875
"58",2014-06-03 19:00:04,4.2863337083202,440161393.94979,46158541,9.53586019865294,9.90218745572569,9.7921,1.87822352941176,9645.05882352941
"59",2014-06-03 20:10:48,4.22861453461251,438038950.6064,46158541,9.48987860353732,9.87376479856025,9.7425,1.66888823529412,9645.05882352941
"60",2014-06-03 22:30:46,4.85288349511997,302208801.78005,32352928,9.34100313208282,9.8888169978402,9.7756,1.49598666666667,7683.13333333333
"61",2014-06-04 18:06:00,4.96668386457274,290968198.77784,32352928,8.99356617051291,9.92863086426675,9.6991,1.54888666666667,7683.13333333333
"62",2014-06-05 17:57:57,4.53480950200787,345712436.60968,38786372,8.91324500805798,9.89104677106691,9.6672,1.2770125,8610.1875
"63",2014-06-06 14:34:08,4.46341800817625,343123869.71317,38786372,8.84650592515253,9.88753751832731,9.6361,1.31869375,8610.1875
"64",2014-06-09 17:31:56,4.58862935965033,301162418.28079,38786372,7.76464522850423,10.040838847142,9.5879,1.4339625,8610.1875
"65",2014-06-12 19:41:51,5.0121047511369,206712647.85545,26795628,7.71441698830309,9.95470614265506,9.62,1.14632142857143,6807.28571428571
"66",2014-06-16 17:42:01,4.74249824505363,234556429.84172,32352928,7.24992896598787,10.1400790334247,9.5843,1.34230666666667,7683.13333333333
"67",2014-06-19 20:00:03,5.07850879727529,167425029.705,26795628,6.24822190041599,10.1942753202425,9.654,1.16586428571429,6807.28571428571
"68",2014-06-23 17:19:36,4.94194952595415,184774868.94684,32352928,5.71122554801964,10.289073800767,9.6668,1.67609333333333,7683.13333333333
"69",2014-06-25 17:42:07,5.14475107681723,127224265.18788,26795628,4.74794862758507,10.256614774705,9.6561,1.48918571428571,6807.28571428571
"70",2014-06-29 18:26:14,5.42103069780284,99482256.78594,22022707,4.51725833640433,10.2379359825702,9.7268,1.57536153846154,6048.15384615385
"71",2014-06-29 19:33:25,5.25326411243201,120308248.44183,26795628,4.48984619587307,10.3201895497355,9.7409,1.58923571428571,6807.28571428571
"72",2014-06-29 20:32:40,5.44098326603375,91721874.08542,22022707,4.16487737340464,10.1295248783948,9.796,1.19113846153846,6048.15384615385
"73",2014-06-29 21:48:15,5.39104780966939,93001978.22059,22022707,4.22300393047004,10.1521937113362,9.837,1.24974615384615,6048.15384615385
"74",2014-06-29 23:41:37,5.72420336247533,70937106.64885,17925610,3.95730503167535,10.2418699343565,9.9243,1.12775,5325.83333333333
"75",2014-06-30 20:34:54,5.3577336411922,95495813.44133,22022707,4.33624319850098,10.1562427376071,10.0777,1.37119230769231,6048.15384615385
"76",2014-07-01 20:42:29,5.3875776264194,99838260.97397,22022707,4.5334236601327,10.2675827215746,10.193,1.78716923076923,6048.15384615385
"77",2014-07-02 20:46:37,5.25794755244149,125430924.02491,26795628,4.68102199451754,10.3273984641039,10.2408,1.9256,6807.28571428571
"78",2014-07-07 17:27:57,5.09833785677787,140468461.58668,26795628,5.24221569230174,10.5294001515061,10.4785,2.6828,6807.28571428571
"79",2014-07-09 17:48:14,5.04155654878597,145576458.72612,26795628,5.43284369846155,10.6357354275966,10.5796,2.67486428571429,6807.28571428571
"80",2014-07-14 17:57:47,5.33682634805884,130711504.39512,22022707,5.93530597283613,10.8481058882952,10.7913,2.6432,6048.15384615385
"81",2014-07-16 19:51:58,5.32693963696576,135815095.65129,22022707,6.16704820398737,10.914657167736,10.8566,2.33618461538462,6048.15384615385
"82",2014-07-21 20:26:32,5.3262530870515,141564247.1944,22022707,6.42810382912509,11.026560861578,10.982,2.5437,6048.15384615385
"83",2014-07-23 17:31:57,5.14844505799364,172958881.79401,26795628,6.45474260927977,11.1200932771719,11.0462,3.50772857142857,6807.28571428571
"84",2014-07-28 18:27:17,5.08896003525155,178096876.52373,26795628,6.64649011113791,11.2674241744362,11.2068,3.61967142857143,6807.28571428571
"85",2014-07-30 14:53:32,5.30655532018211,145695637.57032,22022707,6.61570067523125,11.3059215054489,11.2584,3.75374615384615,6048.15384615385
"86",2014-08-02 19:27:39,5.23015591813861,155114685.57383,26795628,5.78880575494741,11.4067484264746,11.2041,3.95915714285714,6807.28571428571
"87",2014-08-04 19:29:24,5.41821233058365,121999753.15509,22022707,5.53972557302288,11.3379849373331,11.1216,3.61673076923077,6048.15384615385
"88",2014-08-06 18:40:25,5.44661842543187,111564739.93421,22022707,5.06589584714586,11.3606175045556,11.0911,4.63908461538462,6048.15384615385
"89",2014-08-09 18:09:00,5.59634357084581,78084873.14178,22022707,3.54565281832883,11.3950026919261,11.1294,4.30704615384615,6048.15384615385
"90",2014-08-10 20:29:33,5.42755361366601,50704878.73857,22022707,2.30239083408638,11.3598138096012,11.0648,2.52999230769231,6048.15384615385
"91",2014-08-11 19:51:29,5.6563022967026,39434021.79384,17925610,2.19987056473057,11.3402353156685,11.1262,1.99031666666667,5325.83333333333
"92",2014-08-13 19:14:56,5.52005580182654,47732359.16486,22022707,2.16741562083444,11.350700813642,11.1824,1.82501538461538,6048.15384615385
"93",2014-08-18 17:31:04,5.39061196616369,21103713.43481,22022707,0.958270635613052,11.478978200382,11.065,3.32436153846154,6048.15384615385
"94",2014-08-19 16:50:28,5.41579576606332,18882335.68062,22022707,0.857403028638577,11.4028350262073,11.2196,1.86803846153846,6048.15384615385
"95",2014-08-21 19:37:36,5.71034404152855,31455536.25276,17925610,1.75478191552533,11.4399686492789,11.3992,2.6112,5325.83333333333
"96",2014-08-25 20:20:51,5.40227085952982,62827624.6867,22022707,2.85285658510101,11.6482940858315,11.598,2.17323846153846,6048.15384615385
"97",2014-09-03 20:21:52,5.53915612188706,91670773.41978,22022707,4.16255701080616,12.0556900589015,11.9698,4.20296923076923,6048.15384615385
"98",2014-09-08 19:01:34,5.37805935434205,104609260.8154,22022707,4.75006368723881,12.1761335791417,12.133,2.6078,6048.15384615385
"99",2014-09-15 18:45:54,5.69865570286331,99888179.74002,17925610,5.57237269694142,12.3988079495426,12.3666,1.29206666666667,5325.83333333333
"100",2014-09-22 19:59:12,6.02377469061845,93309979.66562,14388265,6.48514464152697,12.734033750692,12.6805,1.76226363636364,4703.63636363636
"101",2014-09-29 19:20:33,5.6919123773006,131295861.877,17925610,7.32448501763678,12.9986030086786,12.9766,3.19871666666667,5325.83333333333
"102",2014-10-04 20:26:37,5.81071266961303,139063132.99604,17925610,7.7577908364647,13.2030990719702,13.1593,1.938075,5325.83333333333
"103",2014-10-15 19:08:40,5.70933485208575,159200571.32603,17925610,8.8811801286556,13.5736484607553,13.5333,1.67225833333333,5325.83333333333
"104",2015-03-16 17:37:15,7.57859240707341,27874592.89934,2851618,9.77500945054352,4.40852292179387,4.169,3.07605,1810.5
"105",2015-03-31 15:37:55,1.97860015952928,1457110419.53694,136542345,10.6714911007054,7.32325236200389,5.7982,5.90559166666667,20210.4583333333
"106",2015-04-07 14:38:51,4.353592100313,441341632.11783,46158541,9.56142942468285,7.19162015652748,6.3459,5.75782941176471,9645.05882352941
"107",2015-04-13 18:30:55,4.38643516621351,409965771.93438,46158541,8.88168826511176,7.6966640502827,6.6741,4.85840588235294,9645.05882352941
"108",2015-04-16 12:31:43,4.33054171122228,389183954.14571,46158541,8.43146134419002,7.59129344928168,6.8283,26.3733235294118,9645.05882352941
"109",2015-04-19 16:26:18,4.04882746847774,439036060.47954,54423753,8.06699347763724,7.85113949503078,6.7403,3.25281111111111,10690.8888888889
"110",2015-04-21 15:26:56,4.24740745937675,369812041.97893,46158541,8.01177927133637,7.97673033294098,6.8966,3.75103529411765,9645.05882352941
"111",2015-04-25 15:34:37,4.23955281004476,307821116.93329,46158541,6.66877917422238,7.79977671937248,7.0602,3.37437647058824,9645.05882352941
"112",2015-04-28 16:42:05,4.27798555534765,305798820.40125,46158541,6.62496720598794,8.07782393960632,7.0845,3.5193,9645.05882352941
"113",2015-05-01 13:22:23,4.37299114763737,285594730.74609,46158541,6.18725645479327,8.32648056578305,7.1863,4.43622352941177,9645.05882352941
"114",2015-05-01 13:30:32,4.35535793767393,285715436.1489,46158541,6.18987147251686,8.26907082817024,7.2256,4.33144117647059,9645.05882352941
"115",2015-05-05 15:08:06,5.62849601421841,91530257.21109,17925610,5.1061167352793,7.72077510089196,7.6082,3.15075,5325.83333333333
"116",2015-05-07 12:29:21,5.20495478041869,152758357.16223,26795628,5.70086870747086,7.97872302179669,7.8615,5.15049285714286,6807.28571428571
"117",2015-05-07 13:34:48,5.13918286846669,153639082.36837,26795628,5.73373695023569,8.00162691544307,7.8666,5.18196428571429,6807.28571428571
"118",2015-05-11 15:03:50,4.87282091639076,208840508.87162,32352928,6.45507290318885,8.32892434832173,8.1697,6.59930666666667,7683.13333333333
"119",2015-05-14 17:32:42,4.9737125524999,204725373.09084,32352928,6.32787774543436,8.50398810447079,8.3797,8.07992666666667,7683.13333333333
"120",2015-05-18 15:14:40,4.70839641426035,224086996.89514,32352928,6.92632817948162,8.6433980035161,8.5785,8.18492,7683.13333333333
"121",2015-05-21 15:45:19,4.96924979598077,232485713.7795,32352928,7.18592498890672,8.82427839509302,8.7407,8.35076666666667,7683.13333333333
"122",2015-05-25 14:59:22,4.92729441934983,239909324.80182,32352928,7.41538215032098,8.99391238983996,8.9327,7.10078666666667,7683.13333333333
"123",2015-05-28 16:08:16,4.7940940318127,241565965.30341,32352928,7.46658742304282,9.18731674156045,9.1069,6.70060666666667,7683.13333333333
"124",2015-06-08 18:15:00,6.33811501576045,58686683.56324,11297500,5.19466108105687,9.27810120415136,9.0161,2.01505,4075.6
"125",2015-06-08 19:23:31,6.14669862313529,52444076.34137,14388265,3.64492010269272,9.38768048966293,8.9959,1.58408181818182,4703.63636363636
"126",2015-06-11 16:07:41,5.98187399946624,79351572.74855,14388265,5.51502024382717,9.64772621013722,9.5778,3.66441818181818,4703.63636363636
"127",2015-06-15 15:15:29,5.96289436670451,78050089.02577,14388265,5.42456571558628,9.99153798646327,9.9284,4.80160909090909,4703.63636363636
"128",2015-06-22 15:05:25,5.791616533373,90099586.72367,17925610,5.02630519818684,10.3820362179753,10.3298,6.48366666666667,5325.83333333333
"129",2015-06-23 15:11:28,6.29741893127224,57203394.90664,11297500,5.06336755093074,10.4998820563045,10.4123,4.03362,4075.6
"130",2015-06-23 17:27:23,6.28235834719352,57560887.64473,11297500,5.09501107720558,10.4719634195618,10.4074,3.32189,4075.6
"131",2015-06-23 18:09:59,6.29897300219775,57754315.79901,11297500,5.11213240088604,10.4606938675548,10.4201,3.07354,4075.6
"132",2015-06-29 14:00:46,6.28555002523713,84210395.1925,11297500,7.45389645430405,11.5911876559239,11.5288,7.74983,4075.6
"133",2015-07-02 16:33:18,6.10877015203022,113831966.46568,14388265,7.91144494945569,12.0464269603041,11.9279,2.53806363636364,4703.63636363636
"134",2015-07-06 13:16:39,6.01942454974432,127976681.78527,14388265,8.89451798290273,12.3296199283096,12.2713,0.654645454545455,4703.63636363636
"135",2015-07-09 16:01:58,5.98944299776832,135333819.41269,14388265,9.40584701579308,12.5624303690542,12.5108,0.408309090909091,4703.63636363636
"136",2015-07-13 13:10:32,6.01137903502985,142115408.88603,14388265,9.87717482865585,12.8524680102778,12.7913,0.317436363636364,4703.63636363636
"137",2015-07-16 15:58:45,5.90840802843543,149619856.05911,14388265,10.3987420345059,13.0265681528245,12.962,0.3845,4703.63636363636
"138",2015-07-20 14:12:09,5.74003140926035,188097622.50064,17925610,10.4932341214966,13.1961211680384,13.1122,1.04476666666667,5325.83333333333
"139",2015-07-23 15:32:52,5.7760017324392,183736324.33602,17925610,10.249934274818,13.3689106244306,13.278,1.29899166666667,5325.83333333333
"140",2015-07-27 14:07:56,5.66706249019045,165879879.38929,17925610,9.25379272389001,13.546307011092,13.4706,1.745325,5325.83333333333
"141",2015-07-30 17:17:45,5.71258478691061,150791524.57417,17925610,8.41207214561569,13.6219602612631,13.5232,1.01335833333333,5325.83333333333
"142",2015-08-03 13:30:12,5.71003236179322,142784935.27903,17925610,7.96541569737543,13.6313085770191,13.5801,1.26628333333333,5325.83333333333
"143",2015-08-08 10:57:49,5.68457804908871,131484275.15487,17925610,7.33499586094253,13.6718350992407,13.6811,1.2765,5325.83333333333
"144",2015-08-31 14:50:51,6.1471425302251,134653715.66415,14388265,9.35857906871676,14.0894495333176,14.0335,0.7276,4703.63636363636
"145",2015-09-07 14:59:37,6.30815930534228,109468475.09564,11297500,9.68961939328524,14.2598683203452,14.2105,0.81857,4075.6
"146",2015-09-14 14:52:58,6.41681516148172,112419380.04967,11297500,9.95081921218588,14.3990559976898,14.3555,0.70095,4075.6
"147",2015-09-21 15:01:43,6.58388101186944,85418174.75245,8600316,9.93198095889151,14.5446226303894,14.5157,1.05491111111111,3507
"148",2015-09-28 17:16:43,6.74180425284641,81779545.42787,8600316,9.50890007156365,14.7266402046622,14.6753,0.827011111111111,3507
"149",2015-10-23 16:21:59,1.31808564947566,1463946581.78671,183241510,7.98916458277772,14.4431630286118,14.0618,2.62723846153846,24800.4230769231
"150",2016-05-12 16:56:02,5.22346367946921,336024833.44075,26795628,12.5402858048615,9.88502791033298,9.8541,3.33952142857143,6807.28571428571
"151",2016-05-16 18:17:23,5.42163360305995,281464871.32632,22022707,12.7806663970201,10.1425301060446,10.0958,4.71163076923077,6048.15384615385
"152",2016-05-19 17:35:26,5.19900644786329,349606078.97039,26795628,13.0471313816713,10.2116181617389,10.1873,3.85804285714286,6807.28571428571
"153",2016-05-23 20:16:21,5.46972302978533,295952526.39687,22022707,13.438517181238,10.3702032858358,10.3207,4.09337692307692,6048.15384615385
"154",2016-05-26 16:50:45,5.17849275968493,371928311.10125,26795628,13.8801863909012,10.4667757311566,10.427,3.94603571428571,6807.28571428571
"155",2016-05-29 20:44:23,5.30061243490701,310828025.62361,22022707,14.1139790682231,10.6586475960607,10.5737,3.50562307692308,6048.15384615385
"156",2016-05-30 17:13:26,5.10201332051827,382698787.63829,26795628,14.2821354154599,10.6612739205105,10.6001,3.14061428571429,6807.28571428571
"157",2016-05-30 20:00:24,5.67645621077746,258957904.53994,17925610,14.4462534072726,10.6467495953555,10.592,3.07699166666667,5325.83333333333
"158",2016-05-30 22:08:52,6.23935118321503,163953138.44361,11297500,14.5123379901403,10.6431291119009,10.605,3.05915,4075.6
"159",2016-05-30 23:49:10,6.23705549396518,161920479.52502,11297500,14.3324168643523,10.674437593503,10.6178,3.13558,4075.6
"160",2016-05-31 02:02:14,6.26640261184805,163083606.95543,11297500,14.435371272886,10.6695952378225,10.6267,3.06263,4075.6
"161",2016-05-31 19:28:58,5.91042350212466,208207991.79243,14388265,14.4706809189593,10.7408737040289,10.6889,2.71124545454545,4703.63636363636
"162",2016-06-01 23:51:46,6.53676406826964,128733780.15089,8600316,14.9684941984562,10.7708090225173,10.7536,2.68613333333333,3507
"163",2016-06-02 21:47:24,6.24487365764735,169340050.94529,11297500,14.9891614025484,10.852825846559,10.8138,2.77825,4075.6
"164",2016-06-03 21:04:43,6.17886414190811,215226907.18041,14388265,14.9585031399137,10.96247552388,10.8894,2.61937272727273,4703.63636363636
"165",2016-06-06 22:24:27,6.23942943712103,170692294.35773,11297500,15.1088554421536,11.1545263663642,11.1332,1.93874,4075.6
"166",2016-06-07 19:37:02,5.81074229417018,269471427.30699,17925610,15.0327619147683,11.3335945691221,11.2173,2.03808333333333,5325.83333333333
"167",2016-06-08 21:30:10,5.99005462666884,218253981.35927,14388265,15.1688880736677,11.2996941914678,11.2558,1.91452727272727,4703.63636363636
"168",2016-06-09 17:51:20,6.20926811568637,170660963.33858,11297500,15.1060821720363,11.3446025951848,11.3023,2.17517,4075.6
"169",2016-06-13 17:40:37,5.74633062442546,256020650.17121,17925610,14.2823954203628,11.5670179956721,11.5097,2.00439166666667,5325.83333333333
"170",2016-06-20 19:57:41,6.02502896314262,197036000.71338,14388265,13.694215439692,11.8704257283349,11.8215,2.12118181818182,4703.63636363636
"171",2016-06-23 17:53:07,6.21135501928907,149618475.86999,11297500,13.2435030643939,11.9789880325293,11.9377,2.08587,4075.6
"172",2016-06-27 01:42:16,5.71793420563462,230605296.69906,17925610,12.8645717885785,12.1252977869149,12.059,1.88530833333333,5325.83333333333
"173",2016-06-27 15:37:00,5.71678125959657,229111492.04678,17925610,12.781238242201,12.0760163044884,12.029,2.24521666666667,5325.83333333333
"174",2016-06-27 20:48:28,7.37841272169639,45489745.59129,4375045,10.3975491889318,12.1355979258499,12.0372,1.90041428571429,2370.14285714286
"175",2016-06-27 22:31:57,7.07988796491964,50542773.43834,6290258,8.03508750171138,12.6318703172429,12.0918,1.9997375,2900.375
"176",2016-06-28 01:04:16,7.9226096523799,18054394.92572,1693684,10.6598367379747,12.2075315908989,12.0989,1.99166,1372.6
"177",2016-06-28 15:43:42,7.54717396199998,30456208.39587,2851618,10.6803254839428,12.1764258516042,12.0858,2.34693333333333,1810.5
"178",2016-06-28 21:22:19,7.40817546258348,35076849.63028,2851618,12.3006832017051,12.1717378947671,12.1187,2.16405,1810.5
"179",2016-06-30 16:56:43,6.5984274151971,107751223.64524,8600316,12.528751692989,12.3231987454647,12.2719,2.02736666666667,3507
"180",2016-06-30 20:37:23,6.55623977919663,84935688.77808,8600316,9.87588,13.0611,13.0611,3.1417,3507
"181",2016-07-05 17:24:49,6.54262518059463,102329152.73282,8600316,11.898301496459,12.6469407239222,12.5794,1.38203333333333,3507
"182",2016-07-07 17:36:41,6.41742555409557,135834881.05912,11297500,12.0234459888577,12.742372207692,12.6822,1.94705,4075.6
"183",2016-07-11 17:27:47,6.33436456163368,124456613.84548,11297500,11.0162968661633,12.9479471429077,12.8818,2.20987,4075.6
"184",2016-07-14 18:03:09,6.37072611081573,117005793.88439,11297500,10.3567863584324,13.1134623705422,13.0898,1.93795,4075.6
"185",2016-07-18 17:47:01,6.49234485468616,102305285.15724,11297500,9.0555685025218,13.4146804466917,13.8847,3.57612,4075.6
"186",2016-07-18 20:50:16,6.25102160078076,107628519.99928,11297500,9.52675547681168,13.3501454217482,13.3082,2.73513,4075.6
"187",2016-07-21 17:36:49,6.40654724296496,101586324.68929,11297500,8.99192960294667,13.4962910833724,13.428,3.89396,4075.6
"188",2016-07-24 21:47:42,6.0129009925105,128727555.24527,14388265,8.94670450156916,13.5468938012262,13.5059,5.34625454545455,4703.63636363636
"189",2016-07-25 04:35:58,6.04321815232692,128245555.79913,14388265,8.91320501805673,13.5618624832389,13.5245,9.39030909090909,4703.63636363636
"190",2016-07-25 08:46:42,6.24528197581054,99061306.83007,11297500,8.76842724762735,13.548662596362,13.5189,9.93333,4075.6
"191",2016-07-25 10:03:47,6.03995407567986,123992494.63314,14388265,8.61761266095252,13.5664428949286,13.5091,9.29858181818182,4703.63636363636
"192",2016-07-25 14:21:01,6.2281012283454,97043663.47407,11297500,8.58983522673777,13.5642711245408,13.5235,9.48741,4075.6
"193",2016-07-25 19:18:27,6.02386035760487,124190520.26314,14388265,8.6313756566994,13.6305033800601,13.5719,6.91115454545455,4703.63636363636
"194",2016-07-25 21:05:56,5.99935273296894,123853045.39597,14388265,8.60792078794559,13.6227493312085,13.5641,6.85748181818182,4703.63636363636
"195",2016-07-25 22:59:26,6.16793599890277,123721554.59408,14388265,8.59878203480962,13.6289224429909,13.5661,7.12253636363636,4703.63636363636
"196",2016-07-26 00:09:20,6.32164344297968,95336555.25837,11297500,8.43873027292498,13.6338720857092,13.5729,7.513,4075.6
"197",2016-07-26 21:02:21,6.54964103937963,74673951.69818,8600316,8.68269860063049,13.666288194678,13.6266,7.13088888888889,3507
"198",2016-07-28 16:09:09,6.81585604802432,58803495.9926,6290258,9.34834405720719,13.8929821154236,13.8341,6.0475625,2900.375
"199",2016-08-01 17:35:55,6.8462772874667,70957201.58724,6290258,11.2804914499914,14.3163040017278,14.2432,2.5763625,2900.375
"200",2016-08-01 20:35:43,6.89566614744297,71049567.49539,6290258,11.295175411786,14.3184130458083,14.2584,1.948675,2900.375
"201",2016-08-08 17:23:52,6.70311047184449,115178478.04999,8600316,13.3923541937285,14.8599836692861,14.8031,0.830211111111111,3507
"202",2016-08-11 20:19:09,6.63876804621666,123970184.38198,8600316,14.4146080657943,15.0330322960691,14.9801,1.3154,3507
"203",2016-08-15 17:23:57,6.6400588479495,128517497.567,8600316,14.9433459848452,15.2930294534178,15.2166,1.11476666666667,3507
"204",2016-08-18 20:25:13,6.59665607617117,134031173.82315,8600316,15.5844475741531,15.4166432518061,15.3734,0.537055555555556,3507
"205",2016-08-23 20:28:23,6.58805095466498,136234854.90255,8600316,15.8406801450726,15.6604909232638,15.5924,0.615288888888889,3507
"206",2016-08-26 20:30:48,6.44034971573585,181706106.51612,11297500,16.0837447679681,15.7766909899624,15.7175,0.52261,4075.6
"207",2016-08-27 00:04:38,6.27974387552976,186595868.19621,11297500,16.5165627967435,15.7774974376898,15.7359,0.45029,4075.6
"208",2016-09-02 22:27:09,6.32976599708089,170252396.86292,11297500,15.0699178457995,16.0219518248462,15.9665,0.66544,4075.6
"209",2016-09-06 20:39:14,6.28398929570549,167920146.79435,11297500,14.8634783619695,16.1267725137597,16.0948,0.69646,4075.6
"210",2016-09-09 22:00:10,6.27730283363143,167346457.66394,11297500,14.8126981778216,16.1723260848949,16.129,0.71825,4075.6
"211",2016-09-16 20:16:21,6.34483452271271,142064813.76814,11297500,12.5748894683018,16.353895910104,16.3211,1.17367,4075.6
"212",2016-09-17 21:45:37,6.26840667100344,141304084.4406,11297500,12.5075533915114,16.3687022694755,16.3249,0.8399,4075.6
"213",2016-09-27 20:24:48,6.16705643614594,112073122.08019,14388265,7.78920335983456,16.6356069954925,16.592,0.572336363636364,4703.63636363636
"214",2016-09-30 18:16:03,6.33203004720132,85393423.59143,11297500,7.55861240021509,16.6706970820447,16.6282,0.74997,4075.6
"215",2016-09-30 22:16:03,6.33203004720132,85393423.59143,11297500,7.55861240021509,16.6706970820447,16.6282,0.74997,4075.6
"216",2016-10-06 00:13:24,8.36428831964388,1747807.47893,352543,4.95771431833847,17.10215578667,17.088,0.489733333333333,595
"217",2016-10-06 18:30:16,8.07810106957868,1727452.93043,867783,1.99065080835877,17.8198747761825,17.7788,1.339,893
"218",2016-10-06 18:44:27,8.21390705228784,1611712.37552,867783,1.85727581148743,17.856866096939,17.7914,1.355725,893
"219",2016-10-07 20:27:17,7.81331528193053,6103024.93845,1693684,3.60340236930266,18.6892503885022,18.6393,1.1154,1372.6
"220",2016-10-07 20:54:24,7.83487948865176,6277074.47646,1693684,3.70616624852098,18.6985067179592,18.6505,1.15624,1372.6
"221",2016-10-07 21:23:02,7.85400648373635,6389128.2701,1693684,3.77232604789323,18.734731051424,18.6631,1.12316,1372.6
"222",2016-11-04 16:44:06,3.54243945651921,448174277.16257,63506636,7.05712513512084,14.6525256193274,14.4159,1.43077368421053,11794.2105263158
"223",2016-11-04 20:44:06,3.54243945651921,448174277.16257,63506636,7.05712513512084,14.6525256193274,14.4159,1.43077368421053,11794.2105263158
"224",2017-03-26 20:00:00,3.74096730026069,565590161.43928,63506636,8.9060009640454,8.63006355321041,7.0157,7.52556842105263,11794.2105263158
"225",2017-04-09 20:00:00,6.10975906065142,127871896.31067,14388265,8.8872352789353,8.60018712759322,8.0347,9.33033636363636,4703.63636363636
"226",2017-04-16 20:00:00,4.5080465435541,309515932.75436,38786372,7.98001764007111,8.61328021522869,8.0004,10.81805625,8610.1875
"227",2017-04-23 20:00:00,4.39076711961275,414128968.28142,46158541,8.97188167800668,8.99537323701371,8.9412,10.6454647058824,9645.05882352941
"228",2017-04-30 20:00:00,4.35608168012852,438392848.3135,46158541,9.49754560729075,9.36472926140798,9.3332,9.73922352941177,9645.05882352941
"229",2017-05-04 20:00:00,4.28202654893756,444656045.00734,46158541,9.63323439983382,9.559944528407,9.5316,8.69309411764706,9645.05882352941
"230",2017-05-07 20:00:00,3.85753331768764,516525920.279,54423753,9.49081773686206,9.69896468525609,9.6667,6.7308,10690.8888888889
"231",2017-05-09 20:00:00,4.14973524669456,439848080.16379,46158541,9.52907242375339,9.78405899969629,9.7694,5.78393529411765,9645.05882352941
"232",2017-05-14 20:00:00,4.21357191793021,429682916.83219,46158541,9.30884961966605,9.99240242131137,9.9535,4.78134117647059,9645.05882352941
"233",2017-06-28 20:00:00,5.0094442119938,248822488.5194,26795628,9.28593606835414,12.7382706530147,12.7219,NA,6807.28571428571
"234",2017-07-04 20:00:00,5.11680571082632,243929697.1747,26795628,9.10333943935555,12.9115955737667,12.8755,NA,6807.28571428571
"235",2017-07-09 20:00:00,4.79906112712923,282895734.7229,32352928,8.74405354355872,12.9898150943278,12.9563,NA,7683.13333333333
"236",2017-07-10 20:00:00,5.76412214866019,152362428.4841,17925610,8.49970675944082,13.0543713926834,13.0167,NA,5325.83333333333
"237",2017-07-11 20:00:00,6.0146746183826,115199538.2435,14388265,8.00649266909527,13.1331018386651,13.0946,NA,4703.63636363636
"238",2017-07-12 20:00:00,6.01990407459039,110274799.0154,14388265,7.66421795924665,13.2042068342291,13.1874,NA,4703.63636363636
"239",2018-04-20 23:50:00,3.82756774688879,457375484.6017,54423753,8.40396810932352,7.63510588754142,6.9268,4.28813333333333,10690.8888888889
"240",2018-04-23 22:09:00,5.44014147018677,170856959.729,22022707,7.75821790341215,7.37643602315101,7.1723,5.69753076923077,6048.15384615385
"241",2018-05-01 01:02:00,4.24409742342046,412948217.0434,46158541,8.94630133659121,8.20554544519291,8.1727,6.45464117647059,9645.05882352941
"242",2018-05-04 21:55:00,4.61262827789001,349383031.6299,38786372,9.00788121224383,8.63141824090688,8.528,3.9217875,8610.1875
"243",2018-05-07 20:14:00,4.39882702294362,417028330.9148,46158541,9.0346948122732,8.8238429449319,8.7997,0.599311764705882,9645.05882352941
"244",2018-05-11 20:00:00,4.52131130365636,345017472.6922,38786372,8.89532727351246,9.16816932379239,9.1022,0.5904375,8610.1875
"245",2018-05-14 21:40:00,4.68026249368327,349260346.6298,38786372,9.00471811670862,9.40912607233283,9.3315,0.6647375,8610.1875
"246",2018-05-17 20:57:00,4.42675131612108,352676812.6569,38786372,9.09280230326518,9.51677929636729,9.4951,0.88585,8610.1875
"247",2018-05-21 23:36:00,4.08109597247867,481892183.0827,54423753,8.8544460188679,9.71657205690684,9.6482,0.895244444444444,10690.8888888889
"248",2018-05-28 19:02:00,4.21235329169865,357593538.5109,46158541,7.74707195599835,9.91820962651961,9.7587,1.65984117647059,9645.05882352941
"249",2018-06-04 19:31:00,4.30248253548715,357739385.9869,46158541,7.75023166323433,10.182323503271,10.1354,1.19273529411765,9645.05882352941
"250",2018-06-07 18:04:00,4.64295457097678,309793752.8767,38786372,7.98718046835368,10.288026522558,10.2498,1.76959375,8610.1875
"251",2018-06-11 17:36:00,4.52119782952459,305023791.6286,38786372,7.86420012752417,10.4302635721124,10.3935,2.56555,8610.1875
"252",2018-06-14 21:40:00,4.36075332558177,365346785.0432,46158541,7.91504187801777,10.55934375046,10.495,1.38865882352941,9645.05882352941
"253",2018-06-18 23:21:00,4.44829241892894,310528037.2988,38786372,8.00611197404078,10.6681517432412,10.6365,1.5919875,8610.1875
"254",2018-06-25 18:33:00,4.6157556951143,304479332.2848,38786372,7.85016273975818,10.901165544318,10.8511,1.259125,8610.1875
"255",2018-07-02 17:50:00,4.47717937274947,298630788.1193,38786372,7.69937410282405,11.0786450258766,11.0347,1.42718125,8610.1875
"256",2018-07-05 20:28:00,4.52347402483745,296520848.7389,38786372,7.64497511494243,11.152432671741,11.1206,1.56239375,8610.1875
"257",2018-07-09 17:50:00,4.75236267136336,242802425.2021,32352928,7.50480529002197,11.2619397845784,11.2355,1.61506666666667,7683.13333333333
"258",2018-07-16 17:50:00,4.74110532071597,237177888.302,32352928,7.33095589685113,11.4795801636779,11.422,1.01284,7683.13333333333
"259",2018-07-19 18:04:00,4.67595489333672,282303964.6065,38786372,7.2784318318429,11.5237899211171,11.4906,1.1688625,8610.1875
"260",2018-07-26 23:36:00,4.69228192659112,163146834.9223,38786372,4.2062927391688,11.8373311297123,11.798,0.3192125,8610.1875
"261",2018-07-30 18:33:00,4.48811695579964,117475400.0971,38786372,3.02878031740375,11.938827704125,11.9093,0.53120625,8610.1875
"262",2018-08-02 20:28:00,4.44036349272521,95524845.7379,38786372,2.46284560303552,11.8997416596994,11.6387,0.5982375,8610.1875
"263",2018-08-06 17:37:00,5.201588609051,33443397.8635,26795628,1.24809158656405,11.8821544238075,11.6182,1.52825714285714,6807.28571428571
"264",2018-08-09 21:53:00,4.82435310614304,12764926.7172,32352928,0.394552441040267,11.9135440759458,11.5486,0.858633333333333,7683.13333333333
"265",2018-08-10 20:22:00,4.97644133873634,35752922.5747,32352928,1.10509078420043,11.8835113087075,11.7859,1.05032,7683.13333333333
"266",2018-08-13 17:52:00,4.92159620604167,61129988.8672,32352928,1.88947315269888,12.0702210265266,12.0081,0.857813333333333,7683.13333333333
"267",2018-08-14 19:59:00,4.88070026507347,43131788.3649,32352928,1.33316491060407,12.0694332239883,11.8568,1.20633333333333,7683.13333333333
"268",2018-08-17 01:51:00,5.24336770435684,25420969.854,26795628,0.948698416547655,12.1421878868486,11.832,1.37545,6807.28571428571
"269",2018-08-20 19:22:00,4.96681925068714,7908337.3383,32352928,0.244439617282862,12.1477282581039,11.7766,1.40209333333333,7683.13333333333
"270",2018-08-25 00:27:00,5.00753733023426,2417658.3744,26795628,0.090225852306951,12.1083402389114,11.7284,1.29196428571429,6807.28571428571
"271",2018-08-27 19:43:00,5.07796848139867,1836103.3379,26795628,0.0685224969498756,12.0818160806494,11.6991,1.13745,6807.28571428571
"272",2018-09-03 21:21:00,5.28313849512457,2271234.1433,26795628,0.0847613701496378,12.1617957683656,11.9569,1.00762857142857,6807.28571428571
"273",2018-09-10 21:24:00,5.09805820995216,2036511.9015,26795628,0.0760016485338578,12.2777648361479,12.253,0.732228571428571,6807.28571428571
"274",2018-09-17 21:52:00,6.88855717564434,458200.164,6290258,0.0728428252068516,13.5922832679995,12.913,3.01255,2900.375
"275",2018-09-22 00:01:00,8.13066600971975,64171.0746,867783,0.0739482965211349,13.5866460786856,13.0842,3.5372,893
"276",2018-09-24 21:47:00,8.11766018454971,79922.4322,867783,0.0920995596825474,13.6184881185734,13.032,3.3249,893
"277",2018-10-01 20:48:00,7.69247434804606,274326.3946,2851618,0.0962002605538329,13.7879690679467,12.9433,3.25313333333333,1810.5
"278",2018-10-05 23:39:00,7.39310620592798,445293.125,4375045,0.101780238831829,13.8782912971867,13.1522,3.2933,2370.14285714286
"279",2018-10-08 20:19:00,8.87065334973259,9933.0056,94098,0.105560220195966,13.043983602202,12.8745,3.15405,282.5
"280",2018-10-15 21:33:00,8.25265890314382,88121.5002,867783,0.101547852631361,13.3883350598018,12.9619,2.977175,893
"281",2018-10-19 23:18:00,8.14058605474503,136136.7062,867783,0.156878742957629,13.3361886282631,12.9603,2.71835,893
"282",2018-10-22 19:47:00,8.9176832183641,17768.8724,94098,0.188833688282429,12.9559611766456,12.8886,2.5981,282.5
"283",2018-11-02 23:27:53,2.26257809721972,1018512962.8653,136542345,7.45931939916002,11.7664465276219,11.5775,1.02334583333333,20210.4583333333
"284",2018-11-08 01:59:59,2.79734071738994,794192790.2305,100170547,7.92840624330922,12.0695032733204,11.7125,1.31471363636364,16164.5454545455
"285",2019-06-03 08:17:10,4.59532550835562,130402854.0581,38786372,3.36207918745533,9.69384706062222,8.6043,2.60354375,8610.1875
"286",2019-06-06 06:36:59,4.95638767967708,145415119.5845,32352928,4.4946509813424,9.550310261198,9.5236,2.3366,7683.13333333333
"287",2019-06-06 13:21:06,5.22705986921238,120975651.8802,26795628,4.51475337246061,9.67554996135564,9.5425,2.19610714285714,6807.28571428571
"288",2019-06-06 15:56:07,5.3295128957069,103659279.97,22022707,4.70692726239331,9.59100363256887,9.5559,2.41693076923077,6048.15384615385
"289",2019-06-10 09:59:09,4.80902167926865,191697338.2364,32352928,5.9251928677491,9.91452705138774,9.8534,1.63544666666667,7683.13333333333
"290",2019-06-10 13:12:02,5.03091340948977,159317058.7905,26795628,5.94563631016597,9.94393206908605,9.8765,1.52224285714286,6807.28571428571
"291",2019-06-13 13:16:19,4.7644806765051,214529220.7005,32352928,6.63090588587531,10.1549439863836,10.1106,1.68168,7683.13333333333
"292",2019-06-17 09:56:47,4.55531540340281,283394093.3426,38786372,7.30653780514971,10.4121060636556,10.3562,1.20698125,8610.1875
"293",2019-06-20 15:10:10,4.84202423381655,215400745.0908,32352928,6.65784392345571,10.468225098668,10.0604,0.617013333333333,7683.13333333333
"294",2019-06-24 09:48:11,4.92915283486946,179595905.055,32352928,5.55114841707681,10.4798213392278,9.9806,0.652593333333333,7683.13333333333
"295",2019-06-27 09:36:25,5.06602366930119,129682367.5539,26795628,4.83968383028381,10.4260080422299,9.9631,0.786535714285714,6807.28571428571
"296",2019-07-01 09:47:11,5.14847116168772,116469786.2419,26795628,4.34659662546069,10.6144857150502,9.9496,0.861957142857143,6807.28571428571
"297",2019-07-03 09:33:58,5.18186873211849,124204643.2247,26795628,4.63525778252706,10.6345348400306,9.98,1.02717857142857,6807.28571428571
"298",2019-07-08 09:42:19,5.53236637934789,76803936.9618,22022707,3.48748848004017,10.5953401468039,10.0613,0.854938461538462,6048.15384615385
"299",2019-07-08 14:49:07,5.16876872114698,97395517.2324,26795628,3.6347540439209,10.5766388910795,10.1395,0.720057142857143,6807.28571428571
"300",2019-07-15 09:44:04,4.80203859571849,166539882.4964,32352928,5.14759846454701,11.0099493654299,10.9828,1.92816,7683.13333333333
"301",2019-07-18 09:39:15,4.94609301930133,176302076.4548,32352928,5.44933912797012,11.1809737072577,11.1456,1.58087333333333,7683.13333333333
"302",2019-07-22 10:09:47,4.9898016077907,154059935.6189,32352928,4.76185449486674,11.2141979961412,10.9662,1.16979333333333,7683.13333333333
"303",2019-07-29 09:43:15,5.12764840801271,47505214.4165,26795628,1.77287184373884,11.2893556179762,10.8526,1.92519285714286,6807.28571428571
"304",2019-08-01 09:36:36,5.13956494625574,69577777.2093,26795628,2.59660931288119,11.3455302633736,10.8893,1.63576428571429,6807.28571428571
"305",2019-08-05 12:01:40,5.27445755963822,41680076.1821,26795628,1.55548047547533,11.3200036283606,10.8127,1.84762142857143,6807.28571428571
"306",2019-08-05 15:27:19,5.80801576765049,29404273.9132,17925610,1.64034997487952,11.1738460874079,10.9896,1.365875,5325.83333333333
"307",2019-08-08 09:30:01,5.22199740074937,53320441.1383,26795628,1.98989331910041,11.5423744320156,11.4174,1.12128571428571,6807.28571428571
"308",2019-08-12 09:37:12,4.95418757586724,77240903.8736,32352928,2.38744709207154,11.7161803154509,11.6686,1.09868666666667,7683.13333333333
"309",2019-08-15 11:55:46,4.81852296397178,81204609.1085,32352928,2.50996166741075,11.9764872180688,11.8607,1.01429333333333,7683.13333333333
"310",2019-08-19 09:40:08,4.81931652446381,73533241.3954,32352928,2.27284656879897,12.1601512101687,12.0074,1.12478,7683.13333333333
"311",2019-08-22 09:26:00,5.14166839026283,42184277.3048,26795628,1.57429701982726,11.9920106868292,11.7812,2.65091428571429,6807.28571428571
"312",2019-08-28 11:14:25,5.13593553155986,13047996.1404,26795628,0.486944965066689,11.9417793081394,11.5804,2.12816428571429,6807.28571428571
"313",2019-09-02 09:26:25,5.08027898329634,2547234.9734,26795628,0.0950615889054737,12.1083043306766,11.5618,2.43277142857143,6807.28571428571
"314",2019-09-11 09:39:12,5.0407000055108,14877752.6717,26795628,0.555230602234812,12.3615162829026,12.2892,1.02498571428571,6807.28571428571
"315",2019-09-20 11:34:42,5.07850259712477,30453475.2302,26795628,1.13650910626913,12.5771400413381,12.5667,0.729464285714286,6807.28571428571
"316",2019-09-27 11:19:24,5.0538708960334,38272736.206,26795628,1.4283201799189,12.8059268925662,12.7732,0.31255,6807.28571428571
"317",2019-10-02 14:03:42,4.58159880814129,60908391.4803,38786372,1.57035547125418,12.9828125033427,12.944,0.34175,8610.1875
"318",2019-10-04 09:40:24,4.78128226448845,54523272.9636,32352928,1.68526548705576,13.056326256656,12.9843,0.28348,7683.13333333333
"319",2019-10-11 11:28:30,5.00275104740232,49777398.5535,26795628,1.85766866719825,13.2255722459052,13.1963,0.24195,6807.28571428571
"320",2019-10-22 15:27:00,5.69718773363685,57212851.3854,17925610,3.19168225713937,13.6505279187487,13.5899,0.521975,5325.83333333333
"321",2019-10-28 12:54:05,2.0334033397634,668904342.9982,136542345,4.89887838822601,13.8974405021373,13.7341,0.8652375,20210.4583333333
"322",2019-10-30 09:39:08,2.23416270140586,664183334.6764,136542345,4.86430297265218,13.914687619804,13.749,0.847316666666667,20210.4583333333
