"","TODAY","PLUS1_pred","PLUS2_pred","PLUS3_pred","PLUS4_pred","PLUS5_pred","PLUS6_pred","PLUS7_pred","PLUS8_pred","PLUS9_pred","PLUS10_pred","PLUS11_pred","PLUS12_pred","PLUS13_pred","PLUS14_pred","PLUS1_obs","PLUS2_obs","PLUS3_obs","PLUS4_obs","PLUS5_obs","PLUS6_obs","PLUS7_obs","PLUS8_obs","PLUS9_obs","PLUS10_obs","PLUS11_obs","PLUS12_obs","PLUS13_obs","PLUS14_obs","PLUS1_var","PLUS2_var","PLUS3_var","PLUS4_var","PLUS5_var","PLUS6_var","PLUS7_var","PLUS8_var","PLUS9_var","PLUS10_var","PLUS11_var","PLUS12_var","PLUS13_var","PLUS14_var"
"1",16953,15.0834544743801,15.2303339100262,15.404504410854,15.5562570073325,15.7363604215977,15.8851488908178,16.0923928988867,16.2473526964174,16.4429809188762,16.2691100506754,16.1062727645491,15.9371614997151,15.772913528462,15.6211933317462,14.9891614025484,14.9585031399137,NA,NA,15.1088554421536,15.0327619147683,15.1688880736677,15.1060821720363,NA,NA,NA,14.2823954203628,NA,NA,0.492916709403721,0.594422972606047,0.746891517136882,0.992205103836887,1.21792084042709,1.45804518764064,1.68142069434997,1.978464997412,2.29075313339805,2.68474113540018,3.01641703367871,3.36354236563107,3.66914307796585,4.1807468237966
"2",16954,15.2510247966855,15.4140583907428,15.594402205164,15.7727295349689,15.982050191898,16.1680595623145,16.3624520064184,16.5636439990255,16.4165246145985,16.2368153274139,16.1029621088512,15.9632951545858,15.8097639191251,15.6623011532177,14.9585031399137,NA,NA,15.1088554421536,15.0327619147683,15.1688880736677,15.1060821720363,NA,NA,NA,14.2823954203628,NA,NA,NA,0.156724831393763,0.244768943519816,0.35091907932884,0.614072155288641,0.777361196181593,1.02644267876801,1.36164846896056,1.75214175354563,2.04176480971489,2.42435209776157,2.85400345345526,3.34562117512108,3.73183886395002,4.21824948838324
"3",16955,15.4184061633881,15.5916276518025,15.8555313112301,16.0143177539867,16.2115067880751,16.3889054971715,16.5936067607223,16.4759921220462,16.3451729398056,16.1932089312855,16.0438555940139,15.9226726101201,15.8062492394508,15.6871628402421,NA,NA,15.1088554421536,15.0327619147683,15.1688880736677,15.1060821720363,NA,NA,NA,14.2823954203628,NA,NA,NA,NA,0.153921520940507,0.265921134657184,0.325722298141412,0.475905430925577,0.677050519931836,0.869197031380501,1.12924513518471,1.36317806072085,1.68679412388181,1.98527894922514,2.26859993380468,2.66543716305346,3.01614353853057,3.41000656520959
"4",16956,15.395471333208,15.5187355055171,15.6755749738805,15.8090001280135,15.9388580791553,16.0960149550832,15.9432234475266,15.7576419224888,15.5685493033288,15.3594907588618,15.1654284022714,14.9305876763493,14.7393952681045,14.5569583129174,NA,15.1088554421536,15.0327619147683,15.1688880736677,15.1060821720363,NA,NA,NA,14.2823954203628,NA,NA,NA,NA,NA,0.263299407874883,0.366892829925308,0.462094694119158,0.638061083290892,0.835082223193577,1.05125297033269,1.29766686668712,1.57354582446822,1.93869703489622,2.28335879657454,2.71715864469597,3.19527747967755,3.43813354084842,3.83901592008021
"5",16957,15.5917329276765,15.7332335955455,15.9194106556931,16.099488678568,16.2819728284228,16.1077993816166,15.9458090611898,15.8105418008802,15.6271375634012,15.463190198439,15.3017399695155,15.1368575164554,14.9675346464472,14.7833284841057,15.1088554421536,15.0327619147683,15.1688880736677,15.1060821720363,NA,NA,NA,14.2823954203628,NA,NA,NA,NA,NA,NA,0.363817534388918,0.550494468385971,0.774719719840031,0.968979646580789,1.29373115037362,1.59507230312874,1.95671474412007,2.35451472167838,2.76011678576049,3.28081139144558,3.77505622959396,4.39113265301669,4.88355054569171,5.38186438187356
"6",16958,15.4999129083111,15.6426831207728,15.7764986479868,15.9353340176372,15.720833448629,15.5101040518898,15.3016200804099,15.0831078899876,14.8577691596261,14.6341208474157,14.432212982262,14.1776391646323,13.9691527525361,13.7383741014709,15.0327619147683,15.1688880736677,15.1060821720363,NA,NA,NA,14.2823954203628,NA,NA,NA,NA,NA,NA,13.694215439692,0.152356768533216,0.246467245134598,0.378634097097553,0.576082077757467,0.728368460163127,0.841913034860392,0.952891373476311,1.16456193234806,1.43336471846301,1.66615464645863,1.95403498658073,2.27723926625317,2.56272385396166,3.02774259426468
"7",16959,15.3555597900875,15.4127315514017,15.4596023288909,15.189847211296,14.945989610028,14.6861669870413,14.3946949512983,14.1236806340169,13.8496888341503,13.5949393348598,13.3211479731344,13.0721726578119,12.7960787709679,12.5233247293761,15.1688880736677,15.1060821720363,NA,NA,NA,14.2823954203628,NA,NA,NA,NA,NA,NA,13.694215439692,NA,0.135664837003758,0.250009542169985,0.386918798493687,0.469031613412511,0.545363162033987,0.768523320034367,0.979051884517482,1.20710440666897,1.46055063094205,1.71283214086199,1.98409418684087,2.30494263514001,2.65962807187818,2.97846265410887
"8",16960,15.3983735109159,15.4712010124997,15.2468230706405,15.0325297948827,14.8321861665008,14.6041072285395,14.3828056109562,14.1464594713605,13.8817257312364,13.6345531106857,13.404556019024,13.1805407570273,12.9419077209366,12.6784329454177,15.1060821720363,NA,NA,NA,14.2823954203628,NA,NA,NA,NA,NA,NA,13.694215439692,NA,NA,0.153359248805372,0.211806230595942,0.287573983831897,0.376131903732972,0.439547737261116,0.530230437800162,0.673161535337846,0.812695579096485,0.945923859981914,1.0965840214477,1.36048496329515,1.5280677995248,1.74426948534064,1.88086821452091
"9",16961,15.3735219957234,15.1115172763787,14.8386940887313,14.5567344425705,14.2524641047575,14.0013279616718,13.747053260803,13.4861887617388,13.2341469586757,13.0007703301169,12.7577384465827,12.5030571974278,12.2159050568049,11.9326871494241,NA,NA,NA,14.2823954203628,NA,NA,NA,NA,NA,NA,13.694215439692,NA,NA,13.2435030643939,0.15125926186604,0.21830593623698,0.271282844843401,0.378321746417794,0.483900154931341,0.60512134354536,0.755367197550624,0.893376241140955,1.0540190306048,1.20793200486147,1.41639799297037,1.61859799953452,1.88785346344484,2.15777490944652
"10",16962,15.2043503449777,14.9611215344524,14.7446534621786,14.5019262190846,14.2326563695074,13.9622375368337,13.6872866433334,13.4239757294328,13.1647837949626,12.9493960381049,12.6880468781227,12.4239919270024,12.1585845025731,11.9141564566349,NA,NA,14.2823954203628,NA,NA,NA,NA,NA,NA,13.694215439692,NA,NA,13.2435030643939,NA,0.196864846687589,0.267370151360124,0.357684608653257,0.4368533587926,0.564403807922554,0.699784366520952,0.85638916087711,1.06419936886371,1.15278283789763,1.33057472847854,1.47546655522165,1.67459738239697,1.80476604559811,1.92336015820599
"11",16963,14.8242887042329,14.570273690488,14.2891873420718,14.0329082575924,13.7578658899452,13.5014397380282,13.2344356891546,12.9896282906232,12.7532072085191,12.5055645826461,12.2223843726038,11.9437427108697,11.6711830339662,11.3870758645744,NA,14.2823954203628,NA,NA,NA,NA,NA,NA,13.694215439692,NA,NA,13.2435030643939,NA,NA,0.263510389186715,0.33483169273298,0.437876473236225,0.558497621040877,0.695469195583116,0.815398307879479,0.972929484996769,1.10087866410619,1.2370531930722,1.4241349651733,1.66857289453501,1.94138936952093,2.14142506405856,2.29588345697482
"12",16964,14.5112058198265,14.2557097853639,13.9872820118959,13.7417514425487,13.4579287248686,13.1848555037722,12.9234972666923,12.6377206534731,12.3577761500702,12.0664286448199,11.8321423935068,11.525898921969,11.2549413939995,10.9674759689484,14.2823954203628,NA,NA,NA,NA,NA,NA,13.694215439692,NA,NA,13.2435030643939,NA,NA,NA,0.463356370554078,0.615198973041372,0.791584389577817,0.942784162977865,1.13090365181747,1.2724634989956,1.43119684410433,1.65541504807037,1.90605724366396,2.08280792909234,2.22700937410507,2.48090840407349,2.75175718634477,3.02555004959665
"13",16965,14.0588635317981,13.718213021899,13.4174561576191,13.1357757365652,12.8561683845837,12.5356907431419,12.2442616425008,11.8914254052345,11.6002011034614,11.2988509211485,10.9851413956056,10.6659395982917,10.346195332432,10.0366854079713,NA,NA,NA,NA,NA,NA,13.694215439692,NA,NA,13.2435030643939,NA,NA,NA,11.0196116803557,0.146933208428986,0.195861009543381,0.281929758805342,0.363259513106573,0.476245808394518,0.602487055296795,0.706010178216434,0.780764062264827,0.875071472335196,1.01966714789023,1.26702480037147,1.43062887820404,1.68175326842242,1.87467839593142
"14",16966,13.8110918274597,13.4865287952212,13.1951358450369,12.8893038617525,12.6024781017494,12.3068657427135,11.9795267318519,11.6595318778066,11.3534311932476,11.0857661818861,10.7842855721636,10.47578673535,10.1615404744526,9.85511806883139,NA,NA,NA,NA,NA,13.694215439692,NA,NA,13.2435030643939,NA,NA,NA,11.0196116803557,11.2136151412075,0.208483850260622,0.257298655048057,0.302645553110463,0.354823094470409,0.452507366680553,0.582878337025325,0.753733559371949,0.906758111415086,1.00819360069153,1.17666653728327,1.37191361815703,1.50357795868723,1.69083855090399,1.87090658785719
"15",16967,13.5416381821473,13.2602594806749,13.0026274829731,12.6573022578441,12.3402335644588,12.0638553300088,11.7821996578804,11.4671898808473,11.193411206355,10.9299605353251,10.6134357640594,10.315369548184,10.028482017176,9.73804123887111,NA,NA,NA,NA,13.694215439692,NA,NA,13.2435030643939,NA,NA,NA,11.0196116803557,11.2136151412075,NA,0.263854973548229,0.335057897214967,0.416016428968328,0.548259825864351,0.707923256338336,0.824132167310952,0.974191613204764,1.09093347291125,1.27992908880166,1.48836305235538,1.57601342001605,1.87347866241264,2.15838771483747,2.42077304464636
"16",16968,13.2724018786329,12.9852219668701,12.6860750934627,12.4145381570556,12.1562018412336,11.8444305096098,11.5654854030121,11.2737937624721,10.9761001523817,10.6372820229464,10.3279285048405,10.0408540111774,9.76111975612004,9.46460914680891,NA,NA,NA,13.694215439692,NA,NA,13.2435030643939,NA,NA,NA,11.0196116803557,11.2136151412075,NA,11.2023158464945,0.325174053592532,0.430212207670418,0.521368407256075,0.619500945541761,0.676080458262767,0.757685643815412,0.88093086806942,1.0283658379389,1.20110661833639,1.37623496403799,1.49366210841388,1.66903599163833,1.81356472148184,2.06093704792187
"17",16969,12.7710121778725,12.4533825588936,12.1537563565199,11.8310542558198,11.5295779888981,11.2678571229227,10.9669833118586,10.6707904725122,10.388133045085,10.0770633827187,9.79235654075509,9.53356777178647,9.22740925366304,8.92947310844097,NA,NA,13.694215439692,NA,NA,13.2435030643939,NA,NA,NA,11.0196116803557,11.2136151412075,NA,11.2023158464945,NA,0.404637381594757,0.473090408414954,0.578782197339307,0.667489319507166,0.751878757982943,0.837926165123634,0.983891066445813,1.08946686719095,1.23086646771847,1.45233972046983,1.63405188788954,1.78974757604625,1.98950309938318,2.10443992733882
"18",16970,12.6753659779475,12.3688053535838,12.0627211078965,11.7824960977258,11.5243344797869,11.259865287562,10.9267353329249,10.6300308868204,10.3322655453474,10.0362246117508,9.73247416165647,9.42048079442871,9.11788233345558,8.85076227039412,NA,13.694215439692,NA,NA,13.2435030643939,NA,NA,NA,11.0196116803557,11.2136151412075,NA,11.2023158464945,NA,NA,0.53912281708055,0.633975811104293,0.740718643016659,0.835076991433427,0.969415244983017,1.15036725781066,1.28166688012692,1.48050753609803,1.70062874231085,1.87417763282678,2.14878484814494,2.32288913782449,2.56400346852712,2.78004709795075
"19",16971,12.2393068239239,11.9319061708895,11.6276356383247,11.3336646121034,11.0397559625949,10.730753550243,10.4175392671586,10.1072809352118,9.81009186651405,9.49654011833696,9.19473998751217,8.904617269902,8.56902004103557,8.22402584317349,13.694215439692,NA,NA,13.2435030643939,NA,NA,NA,11.0196116803557,11.2136151412075,NA,11.2023158464945,NA,NA,NA,0.580743014515935,0.700070064066422,0.895585236361089,1.02088770028639,1.15024167383925,1.27002168110355,1.49206260311115,1.66310062688837,1.88044097663702,2.02180854354428,2.15892539982203,2.37532690713044,2.65335582421447,2.87874356007323
"20",16972,12.9663544586167,12.6868096080299,12.4343113632532,12.1653060480246,11.9136210099053,11.6383421134861,11.390983042811,11.11961904508,10.8217799639614,10.5532793785296,10.2912174589977,10.0259099860661,9.79942546788549,9.54228933556319,NA,NA,13.2435030643939,NA,NA,NA,11.0196116803557,11.2136151412075,NA,11.2023158464945,NA,NA,NA,NA,0.101397001496143,0.178404326075014,0.198758500162568,0.257886199334713,0.336208063489096,0.398908667048947,0.485290707557313,0.543899127356705,0.674758449246608,0.734386039003422,0.838826690768162,0.90027304869181,1.01174113917267,1.04798520271098
"21",16973,12.717883090348,12.4888473900831,12.2423078688421,12.0130393295927,11.7606372059556,11.4847989702565,11.2332366838845,10.9765965380079,10.7213733569145,10.4491770758157,10.1573345296442,9.8916107035889,9.6356577415054,9.34718111212437,NA,13.2435030643939,NA,NA,NA,11.0196116803557,11.2136151412075,NA,11.2023158464945,NA,NA,NA,NA,11.898301496459,0.158598489442991,0.219893376594185,0.250769451278857,0.316551426770038,0.398246543289459,0.455723199462475,0.537117280224734,0.682851978662843,0.743111057608253,0.880007863383945,1.02303287159779,1.09452493612236,1.22111479790949,1.31857419080137
"22",16974,12.3448055303709,12.0668510088136,11.7712771229486,11.5094237872369,11.2256232766587,10.9508587303085,10.666016544426,10.3792892333953,10.0850057345681,9.81070281187429,9.53294242753885,9.25286050590463,8.98661891123863,8.70583077391714,13.2435030643939,NA,NA,NA,11.0196116803557,11.2136151412075,NA,11.2023158464945,NA,NA,NA,NA,11.898301496459,NA,0.199893101381517,0.266767155470397,0.308001655382758,0.362313677948592,0.434834135877759,0.587792542202038,0.676402537760748,0.79763532720011,0.863279540658316,0.897145505689587,0.98299386411117,1.1178028051979,1.24398481301011,1.34825576419599
"23",16975,12.5775437399673,12.3380468149505,12.0574595821315,11.8411024524744,11.5854362887131,11.323644143676,11.0712870244172,10.8155960007421,10.5555165355351,10.3212712761851,10.0877108455078,9.80667727178784,9.57303599042894,9.33948443107467,NA,NA,NA,11.0196116803557,11.2136151412075,NA,11.2023158464945,NA,NA,NA,NA,11.898301496459,NA,12.0234459888577,0.105176166150819,0.153414018300417,0.206613381619296,0.269112528203271,0.328681214473189,0.380179367839615,0.409093159323849,0.476810154420028,0.48470438910763,0.534900086192163,0.628764768618418,0.728438548202356,0.850317919400531,0.926557933172043
"24",16976,12.1803327606937,11.9320519206526,11.6572049182095,11.4172623272515,11.1281376609915,10.8586501389035,10.5855538062846,10.3420353096996,10.106516520909,9.82254856023443,9.55983845612962,9.28269827331381,9.03549059106835,8.7766391958227,NA,NA,11.0196116803557,11.2136151412075,NA,11.2023158464945,NA,NA,NA,NA,11.898301496459,NA,12.0234459888577,NA,0.171258408732864,0.221590505220997,0.280452737640137,0.317899320076386,0.361200784362353,0.475777516718843,0.578042759237547,0.703445580065539,0.810827302997576,0.992534774179225,1.01389005515759,1.09478998245674,1.17717887463529,1.27696203205709
"25",16977,11.9508757060535,11.6697020131227,11.3952719641075,11.1536436091354,10.9100486958707,10.6504283365968,10.4051061486053,10.1818526756825,9.92207055327021,9.67065929166545,9.44513408871306,9.18593642937529,8.97625562446106,8.73026118458469,NA,11.0196116803557,11.2136151412075,NA,11.2023158464945,NA,NA,NA,NA,11.898301496459,NA,12.0234459888577,NA,NA,0.22541783426029,0.241178807519552,0.310260216438203,0.381298168196829,0.418051755070562,0.467152952550029,0.568839489939379,0.639698119355463,0.682963509064337,0.688721988208524,0.749165471091738,0.836581047345584,0.947497203837575,0.992548634778131
"26",16978,11.5778572939938,11.2690700215884,11.047437214849,10.7620455019625,10.5100512158671,10.2287803592577,9.97481825165854,9.74274398086436,9.51091236782591,9.25541851558027,8.98882293605984,8.71046619241726,8.45248881806902,8.19178975582925,11.0196116803557,11.2136151412075,NA,11.2023158464945,NA,NA,NA,NA,11.898301496459,NA,12.0234459888577,NA,NA,NA,0.252962507110268,0.291629490974992,0.30712717661463,0.369975698396957,0.399615411416001,0.436674135791522,0.533502431087342,0.63458650326459,0.728760368172888,0.834115127398734,0.92678917986556,0.956591270206144,1.06106147522389,1.12326684763634
"27",16979,10.9533564185631,10.6327535284677,10.3076955111236,10.0059093317314,9.69961421998236,9.38594256833663,9.08307370498359,8.77932421613616,8.48733933005279,8.20822704268241,7.89542958132445,7.57042651131796,7.25290436838475,6.95857331658344,11.2136151412075,NA,11.2023158464945,NA,NA,NA,NA,11.898301496459,NA,12.0234459888577,NA,NA,NA,11.0162968661633,0.135214171068503,0.166135948606782,0.219111423549907,0.284147462573498,0.315548668790461,0.387666129619657,0.463401375401075,0.541998474651845,0.623728042691287,0.687163524630258,0.772902856578464,0.83607169126973,0.911851571532462,1.03648800947599
"28",16980,10.8491470350674,10.5378537406537,10.2668583188051,9.98568851790391,9.7189737617616,9.44240935395239,9.20529981787941,8.9154344807588,8.64275174362141,8.36361093582564,8.09137611226826,7.78409025483048,7.48656152861355,7.18454106229788,NA,11.2023158464945,NA,NA,NA,NA,11.898301496459,NA,12.0234459888577,NA,NA,NA,11.0162968661633,NA,0.104362793468323,0.137805415716219,0.201686310005546,0.244376777590782,0.33594331225075,0.406303339295458,0.467882331174183,0.513560714289091,0.552645566589355,0.657900551578297,0.71629069335746,0.786076016077269,0.85638787111097,0.951217521477432
"29",16981,10.5092167522898,10.2292749736185,9.92171692696003,9.62865905592071,9.31912089316231,9.04934661317672,8.75261324904706,8.49488301667282,8.20120404513158,7.87803719443697,7.54925070105533,7.26794748156194,6.98769436343457,6.69461009638681,11.2023158464945,NA,NA,NA,NA,11.898301496459,NA,12.0234459888577,NA,NA,NA,11.0162968661633,NA,NA,0.15820710780865,0.232743604234517,0.273120355768352,0.365407036017396,0.406276907006299,0.46493733531858,0.513127369234218,0.616007015822297,0.674875149886826,0.709203724506258,0.744068444386753,0.839309096427158,0.883448196960992,0.972758495551553
"30",16982,10.3607521939432,9.98143126404049,9.6230589755437,9.28219143276628,8.9345366841412,8.6075939821345,8.22208198442132,7.82509369410584,7.50259021785278,7.15600120872929,6.77147588436601,6.43278377752012,6.0637930765943,5.71154086517662,NA,NA,NA,NA,11.898301496459,NA,12.0234459888577,NA,NA,NA,11.0162968661633,NA,NA,10.3567863584324,0.0964580053862309,0.159916486890643,0.216073322225095,0.298000778959131,0.362156659133393,0.419282818208115,0.532806894585493,0.633706523879136,0.745760061309014,0.858931810883787,0.86799990140313,0.989225877636128,1.0944118233234,1.20102173766797
"31",16983,9.99179550976241,9.59829297371181,9.25266876555463,8.915650534537,8.56688871331814,8.24318164912409,7.9269030046917,7.56210964820475,7.28114663846872,6.9121967912239,6.55467414022694,6.21520317444997,5.85531822607797,5.53892199632732,NA,NA,NA,11.898301496459,NA,12.0234459888577,NA,NA,NA,11.0162968661633,NA,NA,10.3567863584324,NA,0.164471388687565,0.256023968467721,0.279307428757236,0.368419217766289,0.449923899161341,0.500693006142931,0.527142722298021,0.572273617078764,0.681442567356496,0.860643547693578,0.95347905203521,1.03281992664123,1.13828809953837,1.29258204959866
"32",16984,9.72390172078561,9.40862179829891,9.08733438558483,8.73525962939012,8.43216700474619,8.10785721822996,7.74652848238827,7.44489808200932,7.11208478566849,6.80111528506176,6.49254893782792,6.14326889992895,5.82204358845909,5.49105111641932,NA,NA,11.898301496459,NA,12.0234459888577,NA,NA,NA,11.0162968661633,NA,NA,10.3567863584324,NA,NA,0.182815423522559,0.203517280067038,0.251039535062697,0.335618411236429,0.362591873750408,0.470699656063074,0.536713601142317,0.557254066380534,0.618962823987557,0.731008944344201,0.764270161779095,0.802682197382373,0.893365817347561,0.982818154172465
"33",16985,9.38276861000216,9.06211552374239,8.70806364822484,8.38326639556822,8.04300140520029,7.73175874262553,7.41083807269589,7.11621457630309,6.78991531451458,6.47067725314063,6.1320321099426,5.78517722357748,5.46618427746093,5.14361204976338,NA,11.898301496459,NA,12.0234459888577,NA,NA,NA,11.0162968661633,NA,NA,10.3567863584324,NA,NA,NA,0.276163025232853,0.309410541190685,0.380359658677785,0.408910649366873,0.428512849133379,0.523440742791539,0.581405771291839,0.665932460875492,0.714460977799292,0.828575848889319,0.923981948107566,0.966034239808916,1.08460301151732,1.09632011670574
"34",16986,9.01113804709589,8.65841531575597,8.34144961438556,7.98821737256168,7.63329805597519,7.27947223322509,6.95069660662789,6.59640961029057,6.28730265346395,5.94948650462753,5.61013118258983,5.28024546445694,4.94948660204991,4.60183323402229,11.898301496459,NA,12.0234459888577,NA,NA,NA,11.0162968661633,NA,NA,10.3567863584324,NA,NA,NA,9.29116198966674,0.253661609377879,0.314362386261902,0.329756187585591,0.362844196175969,0.454989492979294,0.473514793620241,0.533390794276978,0.60474917564512,0.653079660389686,0.70567193841131,0.821966101946762,0.937735167249478,1.02037754438779,1.19001749025054
"35",16987,9.98787682820012,9.72262753707885,9.43619556936887,9.18132552894003,8.88774489988548,8.58780759414882,8.27683752526918,8.011048296376,7.71644505781541,7.43543212205379,7.14506569819044,6.87198668728982,6.61982069728079,6.34835031198811,NA,12.0234459888577,NA,NA,NA,11.0162968661633,NA,NA,10.3567863584324,NA,NA,NA,9.29116198966674,NA,0.14246817605486,0.212791886878789,0.257820745097841,0.322953941003016,0.39813920616502,0.439923418831602,0.528669994812058,0.600288764373562,0.687211647227946,0.704455985093542,0.784076230256292,0.870724841473988,0.906242935640062,1.00071181053017
"36",16988,9.99425825407142,9.7323897855251,9.44348021021715,9.16542976622018,8.88210755896794,8.59582564955158,8.32563754836247,8.05135064444758,7.75457048251184,7.4915265181626,7.21158929412305,6.94394311825889,6.64003454447184,6.34884433846399,12.0234459888577,NA,NA,NA,11.0162968661633,NA,NA,10.3567863584324,NA,NA,NA,9.29116198966674,NA,NA,0.149564913219595,0.204640227615638,0.281146783323556,0.358095806821149,0.332425255742995,0.413921640376905,0.453831268448499,0.53119570223507,0.547803165131303,0.556123308294502,0.611287245704724,0.675330459653876,0.714702582704896,0.74948966658255
"37",16989,10.3541033838541,10.1033761635653,9.81026437756279,9.53417062872832,9.21217590658738,8.90629890657985,8.63748300028347,8.37454449142173,8.09085660779873,7.78995845019165,7.47672129636282,7.16129502371125,6.86891877716487,6.57778313501898,NA,NA,NA,11.0162968661633,NA,NA,10.3567863584324,NA,NA,NA,9.29116198966674,NA,NA,8.99192960294667,0.122272580108469,0.171768242185342,0.20155268646559,0.251644691424501,0.31597473942303,0.371143359542903,0.417438257534451,0.461229749452797,0.510179818378312,0.582298744167017,0.699979581929962,0.747865203191279,0.786984013671277,0.930540874884991
"38",16990,10.0420010667943,9.79516125141263,9.5048800813187,9.22143047105438,8.93813628500043,8.64482516315503,8.351064811467,8.08763123385835,7.79049931569535,7.53399768695198,7.25312752091043,6.99403491247435,6.70670092071505,6.44434334970346,NA,NA,11.0162968661633,NA,NA,10.3567863584324,NA,NA,NA,9.29116198966674,NA,NA,8.99192960294667,NA,0.176503812356463,0.243261479417822,0.283430983694018,0.322875913688616,0.354001496058143,0.368140180065054,0.434654447543432,0.443038597098863,0.533066721586852,0.603191656867924,0.697566467125349,0.726740636717065,0.817295923563783,0.897771794456615
"39",16991,9.84557906575174,9.55483434357308,9.27687569819015,8.99147039390833,8.70922419513465,8.47076813393705,8.22031998157034,7.94482219282373,7.64820135102122,7.44092721630549,7.18623233697432,6.87069298705548,6.61915744830536,6.35161574312311,NA,11.0162968661633,NA,NA,10.3567863584324,NA,NA,NA,9.29116198966674,NA,NA,8.99192960294667,NA,NA,0.185842188076182,0.222877643805851,0.297555274029566,0.353775373221053,0.414393698867414,0.51304767833158,0.590153532595833,0.65002798784339,0.71874817604273,0.809865329957331,0.870004029007221,0.912140262690465,1.0250097627769,1.09432881468691
"40",16992,9.61191439774002,9.35437303520978,9.11079537578073,8.82272308245702,8.58319057429662,8.3220091234157,8.04068835071585,7.7789075550726,7.54002737028534,7.26831197751511,7.00353498226108,6.73060578019229,6.48935461952214,6.21304848279876,11.0162968661633,NA,NA,10.3567863584324,NA,NA,NA,9.29116198966674,NA,NA,8.99192960294667,NA,NA,8.94670450156916,0.215774358072125,0.271354361311786,0.311672973664907,0.347036277514,0.427329489196571,0.490154088564482,0.600559806580769,0.65079098100722,0.709183983911456,0.745994769994195,0.834456488148717,0.87209876645904,0.940341602895693,1.06110298157198
"41",16993,9.78072709651071,9.5196938232558,9.26475570719663,9.02773773581583,8.78983973037684,8.51027608312438,8.26768114425653,7.98169601300465,7.7045293364889,7.44930109249231,7.15560470602688,6.8922921964406,6.61689923717734,6.34298993798119,NA,NA,10.3567863584324,NA,NA,NA,9.29116198966674,NA,NA,8.99192960294667,NA,NA,8.94670450156916,8.67530837611843,0.104177190678585,0.143007951902589,0.182706258775375,0.247171974252145,0.313795151001764,0.345846582093262,0.409379757399193,0.470988410534422,0.508410044000056,0.633134111646317,0.687217267720539,0.718215736356239,0.765927201089827,0.806699875031992
"42",16994,9.51612751145706,9.25493477221764,9.02449838432276,8.71980860074625,8.4411361857587,8.16052752765602,7.91261916246462,7.65557839585638,7.38310171436335,7.13385126741443,6.88237029514078,6.61908702005746,6.35631000584758,6.40290330427037,NA,10.3567863584324,NA,NA,NA,9.29116198966674,NA,NA,8.99192960294667,NA,NA,8.94670450156916,8.67530837611843,8.56071443677773,0.184792591790336,0.224867179109281,0.310420360960984,0.39209344200099,0.420717600453583,0.415087613191737,0.459663171987526,0.531580034850385,0.600336438244747,0.621381827359708,0.70725379920521,0.799586854816076,0.894717948586697,1.03487792982294
"43",16995,9.12037578754253,8.81061760309092,8.52618019280669,8.20746764091401,7.86453006808181,7.55918931834196,7.27864501091045,6.99281399611295,6.74084970455032,6.45051447783542,6.16607550684725,5.89439068995697,5.9290272987764,6.00456133817173,10.3567863584324,NA,NA,NA,9.29116198966674,NA,NA,8.99192960294667,NA,NA,8.94670450156916,8.67530837611843,8.56071443677773,NA,0.18495352570542,0.208745410930966,0.28025956491125,0.366887724973827,0.413662036500997,0.489114182444845,0.523916657097269,0.609858222681964,0.624987022620174,0.600407019724849,0.686730331865338,0.754981757427494,0.779625125197394,0.83174591466285
"44",16996,9.36873703625731,9.05701763806001,8.77892899263078,8.47030458850804,8.16036335579224,7.87007491641703,7.56111951239724,7.25984317063301,6.9883251751626,6.69943408823291,6.38970499716253,6.42304257341989,6.48363462977831,6.65319012230851,NA,NA,NA,9.29116198966674,NA,NA,8.99192960294667,NA,NA,8.94670450156916,8.67530837611843,8.56071443677773,NA,9.34834405720719,0.110458783147332,0.145989349430063,0.193671987015694,0.268508207486356,0.274979998826,0.295184771515922,0.312684794785357,0.373583274060806,0.412099925398049,0.478708327728809,0.569633223433035,0.632156320062913,0.717177142173061,0.851653853913965
"45",16997,9.2469996535641,9.01688429224824,8.75571420258895,8.52623327393112,8.27548117596841,8.01279573056318,7.75009717932988,7.51258461903699,7.22653226143323,6.95262466649779,7.02517887994846,7.12146440102445,7.2968692102943,7.61171043829049,NA,NA,9.29116198966674,NA,NA,8.99192960294667,NA,NA,8.94670450156916,8.67530837611843,8.56071443677773,NA,9.34834405720719,NA,0.149455343039674,0.194432553148004,0.26911867119835,0.324686143494046,0.364885356743875,0.402621068653591,0.420923230760744,0.450083841855111,0.499162012003325,0.608688850359164,0.683225492738862,0.723762062129652,0.780659918621518,0.867634432550797
"46",16998,9.05268839705094,8.82470317196977,8.54527330230195,8.32554830089504,8.11747755864133,7.85463386260281,7.62616862861344,7.33915694521976,7.08283503190151,7.19014825305099,7.28722305503161,7.46514884579559,7.76077766335146,8.09545419623627,NA,9.29116198966674,NA,NA,8.99192960294667,NA,NA,8.94670450156916,8.67530837611843,8.56071443677773,NA,9.34834405720719,NA,NA,0.217078100440821,0.245246962828121,0.301617564425973,0.346840685082154,0.377339523162221,0.42489042630334,0.529078565478057,0.57562915925166,0.661281400403028,0.755026582187416,0.806296227317965,0.917335182182482,0.969001916346735,1.13166881169567
"47",16999,8.84323498091198,8.61759662081703,8.36740117205311,8.13569142205573,7.89433227985036,7.62981666258485,7.40006603576506,7.15497608568978,7.27595752620645,7.37252444941199,7.55109455896336,7.85044748230625,8.15683575268436,8.46761265044822,9.29116198966674,NA,NA,8.99192960294667,NA,NA,8.94670450156916,8.67530837611843,8.56071443677773,NA,9.34834405720719,NA,NA,NA,0.262907001101011,0.310734813871943,0.340009709873209,0.430208577809054,0.485801957589398,0.558334815773852,0.603845277041511,0.634733302569649,0.749152359309239,0.803909962532312,0.830683864649494,0.89517666274363,0.977336500139783,1.14067379233178
"48",17000,8.68929720114286,8.37906781643031,8.07349027505325,7.81843987192894,7.53885305923783,7.24214306371702,6.9902461056474,7.02023785157262,7.06574745615206,7.22222968122088,7.51567077987065,7.76031162552101,7.99111653976274,8.27800984980619,NA,NA,8.99192960294667,NA,NA,8.94670450156916,8.67530837611843,8.56071443677773,NA,9.34834405720719,NA,NA,NA,11.2878334308887,0.119128414901417,0.156178211552448,0.226832634598609,0.245217975759661,0.259222819075591,0.274316403998033,0.319333752755073,0.383047680903955,0.46970603703683,0.566490104905122,0.712542515365402,0.807711733188697,0.968797034755382,0.979061375542699
"49",17001,8.14781001056705,7.87287011915488,7.55316081528042,7.22377507935728,6.88543077303712,6.58751687117568,6.61013712642788,6.6359460147216,6.81340950420008,7.05694330968832,7.30583279264425,7.57483330968498,7.84151425887834,8.13006895226166,NA,8.99192960294667,NA,NA,8.94670450156916,8.67530837611843,8.56071443677773,NA,9.34834405720719,NA,NA,NA,11.2878334308887,NA,0.153954972501542,0.170842309991141,0.239173168705243,0.271096919443822,0.364571092103892,0.420282769329603,0.470220551739714,0.562886781650877,0.65263708535727,0.753486381839881,0.862453120291318,0.959458904926153,1.01775747338381,0.994326933789054
"50",17002,7.94431402419356,7.62538534159575,7.3634949520635,7.09262275092113,6.78100239883967,6.84383229932947,6.85288067813873,6.9925051419449,7.23770942677442,7.48848023504077,7.70528163942579,7.93521081599209,8.18773166043317,8.50947251727601,8.99192960294667,NA,NA,8.94670450156916,8.67530837611843,8.56071443677773,NA,9.34834405720719,NA,NA,NA,11.2878334308887,NA,NA,0.246438449479759,0.342367679705997,0.435449433568564,0.518396476939716,0.594402550439123,0.701208038117528,0.794442120972364,0.945251752501564,1.11615322860234,1.31780205897238,1.43705464074484,1.65171669047821,1.66803998766494,1.70787458428965
"51",17003,8.11402019581796,7.8248456003568,7.55717255471085,7.25460251515791,7.27656682921044,7.26032041531451,7.41380340776447,7.64992048809175,7.90148184790679,8.22286741381469,8.49641178181866,8.69576675592243,8.91445649499079,9.16424930057457,NA,NA,8.94670450156916,8.67530837611843,8.56071443677773,NA,9.34834405720719,NA,NA,NA,11.2878334308887,NA,NA,NA,0.105902707369798,0.12894499186157,0.181152654562318,0.225249099304512,0.265445056626333,0.28112050417794,0.351900792071584,0.450601031624362,0.551413260880347,0.665204802419121,0.697771588203121,0.80062871835413,0.940944646609542,1.0767361302219
"52",17004,7.85288127687018,7.52966929598386,7.21373498457376,7.20194020610807,7.25666197318999,7.39434270252061,7.66356788447582,7.93533179684305,8.184476060351,8.38255169227766,8.65839238016045,8.95695240856381,9.20609918300907,9.46082358410213,NA,8.94670450156916,8.67530837611843,8.56071443677773,NA,9.34834405720719,NA,NA,NA,11.2878334308887,NA,NA,NA,NA,0.170966949063461,0.219133041494143,0.31217880679142,0.338977329456393,0.400130905301358,0.508085703651051,0.555600798709969,0.61810278254293,0.703323897480576,0.770179536361896,0.884597574018877,0.91259141374251,1.11220678847435,1.16512516255267
"53",17005,7.52657176732648,7.25349335629739,7.36195923207813,7.43595426968332,7.58536523960565,7.82887313806263,8.08767556726232,8.34679631744154,8.61877845942781,8.9327311989452,9.24551131133591,9.47692592601124,9.70556354530881,10.0203854547878,8.94670450156916,8.67530837611843,8.56071443677773,NA,9.34834405720719,NA,NA,NA,11.2878334308887,NA,NA,NA,NA,NA,0.239678409083494,0.284724818282143,0.359864036078746,0.446648517859741,0.537752260443699,0.65668619781013,0.760175097998905,0.829692151618365,0.901049956788077,0.975919083464002,1.1687670567381,1.32971964130867,1.41382320455162,1.65140692735501
"54",17006,7.76288307247747,7.79730043904209,7.81088928351585,7.9182102833817,8.16730713747847,8.39310492633053,8.6350113180374,8.93158331472223,9.15066621968451,9.4121012157408,9.65814223649499,9.88550141728227,10.1036011114101,10.389648836055,8.67530837611843,8.56071443677773,NA,9.34834405720719,NA,NA,NA,11.2878334308887,NA,NA,NA,NA,NA,NA,0.115487273747998,0.174010347222255,0.245671472616382,0.280319349517281,0.411911880027017,0.454451332904204,0.545925257045792,0.656804514262977,0.77544696333196,0.84415421900016,0.874303840527931,0.969916225889229,1.14062367940426,1.28703156114694
"55",17007,8.10056706651174,8.15861542825765,8.38737308413828,8.64421203094227,8.92334867851663,9.21432599144388,9.45723479762304,9.70960011584885,9.94431242482564,10.2069822016283,10.5125785833293,10.7848165996934,11.1023459791549,11.3359465870155,8.56071443677773,NA,9.34834405720719,NA,NA,NA,11.2878334308887,NA,NA,NA,NA,NA,NA,13.3923541937285,0.119146390347186,0.186827301325277,0.25994844522833,0.371253453916771,0.50349780181492,0.707336677660339,0.864270427278185,1.00425402725887,1.10088676898327,1.29578388004456,1.37130975606894,1.46339870253388,1.69054191943318,1.74803180489186
"56",17008,8.20661916795715,8.34351641869431,8.58513938740828,8.82344669351686,9.00730807396532,9.25912939424544,9.47961675873226,9.70814476765172,9.97118854839551,10.218962201789,10.4261807407308,10.6600820261002,10.8957919468652,11.1300853870103,NA,9.34834405720719,NA,NA,NA,11.2878334308887,NA,NA,NA,NA,NA,NA,13.3923541937285,NA,0.117433655983898,0.179649943497474,0.286199739090526,0.382481079846461,0.491615549147721,0.607505628460681,0.700376387105297,0.731812684914899,0.860467379049586,0.94366722049349,1.16958267740788,1.35068406413339,1.59078273174826,1.68724937130026
"57",17009,8.45365848534018,8.74250853736624,8.98846116313724,9.26255506284397,9.53474806587587,9.79596610642726,10.0540089432653,10.3434866122737,10.5859575147028,10.8821618914943,11.1872033236024,11.4855082342005,11.80445828172,12.0721049903147,9.34834405720719,NA,NA,NA,11.2878334308887,NA,NA,NA,NA,NA,NA,13.3923541937285,NA,NA,0.213326266061723,0.264352474310091,0.372001462759817,0.467082240835099,0.572963818094853,0.606909993044892,0.717679819752977,0.735985325398482,0.761610567310827,0.85536362052787,1.02969074134954,1.06254621698873,1.2083928697286,1.2573690680394
"58",17010,9.07534573378318,9.33542893535274,9.60785819907491,9.89799237478224,10.134786378692,10.4342639364166,10.7237708478644,11.0022326028013,11.2163919834006,11.4905203280671,11.7372748629701,11.9713609068375,12.2296652054096,12.51127580968,NA,NA,NA,11.2878334308887,NA,NA,NA,NA,NA,NA,13.3923541937285,NA,NA,14.4146080657943,0.13178405956191,0.213780191169769,0.286582466733504,0.3637723080839,0.42452844696405,0.473010405929397,0.576446859336014,0.655111010820689,0.775123103455164,0.821542250415747,0.969803841725254,1.06515140980966,1.20058092832685,1.26191566308169
"59",17011,9.15437667633431,9.40371699148772,9.67747783511141,9.93430735175067,10.1704782643574,10.4195983135262,10.685365566731,10.9445625025524,11.1219934016129,11.3733723250226,11.5678143625983,11.7975234832923,11.9870701474795,12.2552800412261,NA,NA,11.2878334308887,NA,NA,NA,NA,NA,NA,13.3923541937285,NA,NA,14.4146080657943,NA,0.221346146688173,0.289807566752233,0.419104676464541,0.54710869338525,0.620299315858736,0.629667670386863,0.776899704641825,0.934544568759416,0.988994312029636,1.1225849413791,1.29823442450168,1.29210658048365,1.4268273734446,1.5644110771899
"60",17012,9.53556145412963,9.81484079022383,10.0890364839122,10.3198628088952,10.5697920543923,10.8005230950344,11.0919976585296,11.3364133396694,11.6109568260828,11.8450741440697,12.0890987624121,12.3421743160682,12.5961749622522,12.8214479386898,NA,11.2878334308887,NA,NA,NA,NA,NA,NA,13.3923541937285,NA,NA,14.4146080657943,NA,NA,0.303577114450604,0.423747850929189,0.509559583125766,0.542703925865477,0.605994568328181,0.697632458489832,0.685939396028608,0.819720891159506,0.846682093440753,0.931692721507417,1.01637051914423,1.1217669055571,1.17765060634422,1.43513778161474
"61",17013,9.69710610534592,9.96174984937179,10.2188270898615,10.4691627174064,10.7478367050357,11.0410669992046,11.2695954722892,11.5036153567848,11.7428211753988,11.9974683563617,12.2842719439981,12.5374376407293,12.7864770704567,13.0832852771658,11.2878334308887,NA,NA,NA,NA,NA,NA,13.3923541937285,NA,NA,14.4146080657943,NA,NA,NA,0.516911897000819,0.46856618015869,0.566519699175887,0.61783165780182,0.682331221703436,0.760778386961511,0.899301204654311,1.04127106060852,1.09977951138714,1.24236814777068,1.35819557756566,1.43501073859824,1.55314927110131,1.56438722471161
"62",17014,10.7643372875824,10.9656913438772,11.1794294919208,11.4192820626631,11.589190654341,11.8017024519029,12.0312429368202,12.2791394071072,12.485524225626,12.6953175617225,12.9050819361271,13.1224056175934,13.3438534831828,13.5229447530249,NA,NA,NA,NA,NA,NA,13.3923541937285,NA,NA,14.4146080657943,NA,NA,NA,14.9433459848452,0.155396910544345,0.206905236573549,0.320409571932219,0.496486253562776,0.626686108397365,0.634133414683072,0.728748786992035,0.848480611781023,0.934014966001762,1.07121757991387,1.13794250881617,1.22153090228775,1.38842432649263,1.49246041850513
"63",17015,10.888691698582,11.1095212454327,11.2868906587496,11.5614233465904,11.7819927945066,11.9972895887296,12.193102720964,12.4032896422003,12.6097715131534,12.8016183517915,13.0154020307892,13.2522100578488,13.4658668011115,13.6129864461746,NA,NA,NA,NA,NA,13.3923541937285,NA,NA,14.4146080657943,NA,NA,NA,14.9433459848452,NA,0.265794363033443,0.373777099605242,0.474777501664046,0.583460338132545,0.675601858180046,0.678140431117141,0.710024501552558,0.816596694546513,0.859587979284916,0.963530104767333,1.09478748810192,1.10712774486472,1.30136962199927,1.57804976119756
"64",17016,11.1372848122591,11.3450340142915,11.5633978627349,11.8216512884229,12.0300874781382,12.2406593529545,12.4222745539086,12.634341752492,12.8683245561709,13.0555449785275,13.2062745986761,13.4120100707998,13.6373409403158,13.8893494628552,NA,NA,NA,NA,13.3923541937285,NA,NA,14.4146080657943,NA,NA,NA,14.9433459848452,NA,NA,0.376210697982479,0.425770228336081,0.513848261203465,0.59589150357986,0.664564609178604,0.740665174012811,0.89903542015297,0.982103193185138,1.01936379388734,1.12926421797239,1.29762146489231,1.4482944640489,1.57356308919147,1.6023330200032
"65",17017,11.4183148687243,11.6171915394218,11.8763385039676,12.141256259663,12.3568061440271,12.5587944930809,12.8210930008586,13.0372990507292,13.2412189649929,13.4865798781468,13.7598792631117,14.0456657907978,14.2994666654386,14.4708693941986,NA,NA,NA,13.3923541937285,NA,NA,14.4146080657943,NA,NA,NA,14.9433459848452,NA,NA,15.5844475741531,0.380762379231407,0.464664340218414,0.589195505724177,0.739653963179653,0.899702728728282,1.00458122018094,0.982731833874624,1.04836805453217,1.21108966198487,1.22097617362226,1.3184933407255,1.52629462708287,1.58076077833026,1.76994932134214
"66",17018,11.4958511913537,11.7547602989703,12.0099567988549,12.2522562443118,12.4630525360755,12.6748567303271,12.8195629157155,12.9922401996351,13.2046902257316,13.3728538868218,13.5819377421649,13.7836139067706,13.9790994615112,14.1730865033533,NA,NA,13.3923541937285,NA,NA,14.4146080657943,NA,NA,NA,14.9433459848452,NA,NA,15.5844475741531,NA,0.450683286818343,0.603870386366198,0.777504628958008,0.81321162389764,0.893676267227591,0.974484921799051,1.04584857963223,1.13081199138595,1.12881703803667,1.17378618713628,1.28781637168292,1.35459132013746,1.38924692694485,1.45645689464491
"67",17019,11.8226373573356,12.0882668425913,12.2969073149143,12.486111150023,12.6993187447127,12.9257670550639,13.0667657661492,13.2300531291146,13.4210877726624,13.6158280960957,13.8428301397975,14.0051328198396,14.1948819228458,14.3629123650606,NA,13.3923541937285,NA,NA,14.4146080657943,NA,NA,NA,14.9433459848452,NA,NA,15.5844475741531,NA,NA,0.580150384544485,0.750971670197388,0.814342186597671,0.907312574295916,0.989498701391112,1.18424316556331,1.2020731350806,1.31795649611556,1.45458565695345,1.6163876449492,1.66278930439639,1.77182767557668,1.98074281188646,2.10321677334086
"68",17020,11.5888201623983,11.7803571849899,11.9956330658313,12.2056419450409,12.4283915745265,12.599555172059,12.8220475342819,12.9830693029725,13.168332429055,13.3357048103608,13.5676291723208,13.7504906074226,13.9503280991564,14.1847402024046,13.3923541937285,NA,NA,14.4146080657943,NA,NA,NA,14.9433459848452,NA,NA,15.5844475741531,NA,NA,NA,0.680098365719195,0.893472102543089,0.979397493107247,1.1138354437277,1.2486008974359,1.28226593499169,1.41438020282847,1.58029698133234,1.59350473687081,1.68235290626871,1.5990271570267,1.80646918214896,1.95119659462004,2.16062960868484
"69",17021,13.1216205017714,13.2918268837414,13.4862521856833,13.699992481908,13.8983081786668,14.1206438991926,14.2503311081841,14.4738252719842,14.7006014304029,14.8991258679453,15.0760191003949,15.2631391451933,15.3877490879436,15.5570393947018,NA,NA,14.4146080657943,NA,NA,NA,14.9433459848452,NA,NA,15.5844475741531,NA,NA,NA,NA,0.142139598278268,0.258361035635238,0.367652823518656,0.440062291947799,0.49889053122782,0.61979185921548,0.69137615219082,0.81876584510971,0.884806782591445,1.02902028204268,1.08286687662668,1.16702444779741,1.27633320387556,1.35678573471106
"70",17022,13.1691127841296,13.3342512737138,13.4680829737568,13.6139183861626,13.7724972107585,13.9399085794989,14.0898743777298,14.2037731279779,14.3049834356855,14.4606821135202,14.6181873316002,14.8366958963968,14.9997931545268,15.1497482169053,NA,14.4146080657943,NA,NA,NA,14.9433459848452,NA,NA,15.5844475741531,NA,NA,NA,NA,15.8406801450726,0.263648879882161,0.394797326634151,0.480747689820555,0.634357823403254,0.745882307009762,0.954855963460391,1.03832668340332,1.24421090576114,1.344596066294,1.39604437243982,1.50503471699141,1.58288550161176,1.60405583336972,1.7492256480429
"71",17023,13.3099074001948,13.4384473509654,13.6130587752044,13.7796334535357,13.9273895090509,14.0561460221452,14.2417707491033,14.4219000445341,14.5986776185839,14.7514860159361,14.9509286623863,15.1352114618979,15.3497574124786,15.5146314263464,14.4146080657943,NA,NA,NA,14.9433459848452,NA,NA,15.5844475741531,NA,NA,NA,NA,15.8406801450726,NA,0.325442515029034,0.454726409303303,0.57084561039178,0.771716965076604,0.885767910092382,0.97959686443029,1.14461421238141,1.31597014109826,1.47053904180606,1.50300221272385,1.70319650455689,1.92619612543957,2.01040260858687,2.17213570351063
"72",17024,14.1365880055428,14.311173217439,14.4733349023988,14.6226239311435,14.8084989649639,14.9651833764423,15.1351152724131,15.2973258884773,15.4725143862844,15.6800851248193,15.844387888856,15.9817720947224,16.1109766280929,16.2545452702734,NA,NA,NA,14.9433459848452,NA,NA,15.5844475741531,NA,NA,NA,NA,15.8406801450726,NA,NA,0.170055380344396,0.284108888443742,0.356015411756897,0.460841069645054,0.514409563498111,0.655546635546022,0.748857560522048,0.833232711877586,0.949260326769643,1.17313503889247,1.41336424274294,1.52248176303145,1.66968438862461,1.86866568549567
"73",17025,14.3922515834119,14.5762723563479,14.8173810945145,15.0111807404231,15.1905876776971,15.317536440057,15.5479209531428,15.7151117627759,15.9338321455051,16.1053614931347,16.2893031145917,16.5088775601232,16.7172652440282,16.8809806968683,NA,NA,14.9433459848452,NA,NA,15.5844475741531,NA,NA,NA,NA,15.8406801450726,NA,NA,16.0837447679681,0.251131050819183,0.319185642257227,0.46819068744922,0.44456969343679,0.5169076449293,0.625913072447075,0.711302530002308,0.735526945946578,0.828654110299014,0.879910944142538,0.95689866597223,1.01950336041154,1.12844656824687,1.17027607602896
"74",17026,14.6552759561082,14.7971267966633,14.9976686397333,15.1996816023888,15.4001352828979,15.5880142521095,15.7789980534622,15.9933709222249,16.1879678278209,16.4386236396842,16.6394602275014,16.8341113183131,17.0221247306274,16.9052547143361,NA,14.9433459848452,NA,NA,15.5844475741531,NA,NA,NA,NA,15.8406801450726,NA,NA,16.0837447679681,16.5165627967435,0.30536670039939,0.424935639693302,0.456374557496839,0.559197947456296,0.722184599272734,0.836019500047438,0.931537185652978,0.949257902808472,1.15245043413603,1.21310722980048,1.32680163364774,1.41444795211687,1.48171753645355,1.54848730987535
"75",17027,14.5623509786417,14.7362879620032,14.9259438200444,15.0460449161694,15.2629007956835,15.438492530236,15.6479374004431,15.7904579097737,15.9764406355063,16.2026167591428,16.3882943640287,16.6046687120487,16.4856818894421,16.3036161916894,14.9433459848452,NA,NA,15.5844475741531,NA,NA,NA,NA,15.8406801450726,NA,NA,16.0837447679681,16.5165627967435,NA,0.409919603540077,0.494107906868021,0.570688694947801,0.655232967372523,0.792647777254059,0.784609035438754,0.886959802754365,1.02383425782008,1.09554205746002,1.15351248746475,1.2791011317938,1.40962238882165,1.4895044809974,1.55414380032789
"76",17028,14.9113004082399,15.0271559292571,15.1648566932281,15.2891773092096,15.4650738029603,15.5765476269061,15.7271395404966,15.8869741814805,16.0367775807379,16.1595801903893,16.3570084062846,16.1402557062188,15.9243479450466,15.7368338654395,NA,NA,15.5844475741531,NA,NA,NA,NA,15.8406801450726,NA,NA,16.0837447679681,16.5165627967435,NA,NA,0.140461765428985,0.202269688445508,0.249215366387496,0.303902419233545,0.360876163450065,0.497886615869421,0.628607229426599,0.737800986539931,0.764698686094425,0.878119790350347,1.0259775640415,1.09316265314297,1.22339478588401,1.30078792552777
"77",17029,15.0420542963534,15.1745163389867,15.2893511529354,15.3853392027516,15.524332974216,15.6617670522091,15.7700004369573,15.8815548550626,15.9788430117774,16.085411263591,15.8704863673031,15.6962193909008,15.47933399466,15.2631189049368,NA,15.5844475741531,NA,NA,NA,NA,15.8406801450726,NA,NA,16.0837447679681,16.5165627967435,NA,NA,NA,0.264479837188522,0.391479337589725,0.411127450205719,0.445137951169121,0.488344298985042,0.522384955891594,0.626727434884294,0.653291421102685,0.869396656146777,0.942810166168598,1.07200131736411,1.22438197151599,1.32537607784784,1.41222798624262
"78",17030,15.1169471993594,15.2156533946063,15.3054128567789,15.3982658293014,15.5756735212746,15.6855841341005,15.7870084007952,15.9294712011643,16.0838725997062,15.8941044898113,15.7135014675513,15.4823050032998,15.2889768091936,15.0418108413265,15.5844475741531,NA,NA,NA,NA,15.8406801450726,NA,NA,16.0837447679681,16.5165627967435,NA,NA,NA,NA,0.456140137161113,0.540468250690462,0.655913644144825,0.704754164094687,0.85212080912447,0.955625071795975,1.04094588781228,1.07500992938053,1.21698378096537,1.28951766972579,1.34491604442407,1.54493401844773,1.58330462240073,1.68428885231073
"79",17031,15.39294893371,15.4551167379547,15.5086559199306,15.6611130391913,15.7806322385176,15.8913733708697,15.9887864682777,16.100518059462,15.8569499754683,15.6371481681264,15.3954765789178,15.1430945829125,14.9142721764093,14.6967585207896,NA,NA,NA,NA,15.8406801450726,NA,NA,16.0837447679681,16.5165627967435,NA,NA,NA,NA,NA,0.15357693120732,0.267978980331226,0.375013273063486,0.528654986483543,0.643860934998799,0.710529709938376,0.763943895562174,0.861859190137196,0.920334334170246,1.00562360918186,1.05369937121715,1.14648829989364,1.19549891186494,1.2817464263375
"80",17032,15.7637815785183,15.8963620523159,16.0476543650777,16.2185975750803,16.3743446499529,16.5381563715135,16.6962521174598,16.5237674136262,16.3391951765867,16.2153170968907,16.0503566795796,15.8396583998211,15.6327531917386,15.4981783635732,NA,NA,NA,15.8406801450726,NA,NA,16.0837447679681,16.5165627967435,NA,NA,NA,NA,NA,15.0699178457995,0.242864149911185,0.331386537060543,0.405487674498587,0.40542631098732,0.552600495628939,0.592783487001001,0.783890621163244,0.851402802177658,0.923824392347103,0.947272848588155,1.11356587683758,1.19634245753777,1.3579907639385,1.487166977686
"81",17033,15.6466239611829,15.7392785752469,15.8343261287521,15.8992199363047,15.990741939768,16.0972291567206,15.8469696266866,15.6047673704788,15.356206128554,15.1170350433557,14.852284584104,14.6380610800057,14.3811957060473,14.1654033869549,NA,NA,15.8406801450726,NA,NA,16.0837447679681,16.5165627967435,NA,NA,NA,NA,NA,15.0699178457995,NA,0.325545153010187,0.39413877683641,0.45628134110356,0.510723428550783,0.718651341021455,0.877294304495054,0.949036758845428,1.08468993148112,1.24368530405638,1.23546877923864,1.46358066228231,1.52740563566601,1.71870760176246,1.85725587300379
"82",17034,15.8991986694342,16.0253310846119,16.2135058084768,16.3206665518925,16.4569571929681,16.2670315798999,16.0568959704552,15.8447700213804,15.7033861123539,15.5712089646007,15.3810098893963,15.1918303393555,15.0327617416811,14.8633475526306,NA,15.8406801450726,NA,NA,16.0837447679681,16.5165627967435,NA,NA,NA,NA,NA,15.0699178457995,NA,NA,0.380733238731513,0.580547224834193,0.637361545784957,0.721886352914703,0.875519842186799,0.992202528538156,1.05974649670902,1.21294071819748,1.28965522843804,1.49714284537698,1.48589468428946,1.5970739615007,1.69466613129053,1.66597969095822
"83",17035,16.0627723188339,16.1405151909072,16.2296589565838,16.3553179749297,16.1712140337271,15.9401868020054,15.7643010491192,15.5937568090443,15.397542627186,15.1372119135828,14.9238803921188,14.7123018036498,14.4665618952414,14.2543806953999,15.8406801450726,NA,NA,16.0837447679681,16.5165627967435,NA,NA,NA,NA,NA,15.0699178457995,NA,NA,NA,0.643146530981188,0.772481259306137,0.916296338542254,0.978924899391425,1.07475448131068,1.19037743854933,1.29519888620445,1.38716457744635,1.50575412354732,1.74851584105352,1.94291191634785,2.14968373207945,2.2881151382679,2.52517266380697
"84",17036,16.1855429289461,16.3071724471986,16.4404740963679,16.2524807579859,16.0633120520327,15.8375647226236,15.6406640511156,15.4321282300257,15.2357633808551,15.0410243033325,14.8155472435949,14.6006219272708,14.4033017383439,14.1871504610253,NA,NA,16.0837447679681,16.5165627967435,NA,NA,NA,NA,NA,15.0699178457995,NA,NA,NA,14.8634783619695,0.15872739697169,0.278872037436355,0.338104744528608,0.424108389801307,0.500038675598094,0.543001436907042,0.708102364219176,0.828796188513094,0.87627405330665,1.02503513190476,1.12671339669445,1.30065761105419,1.3951775966984,1.54478738965757
"85",17037,16.0473928497599,16.1511905517556,15.9037475137684,15.6586117053614,15.4076936891877,15.1752727828886,14.9059488936378,14.6677018774081,14.4082535952765,14.1882053281383,13.9451924065465,13.6498969888422,13.3788622373612,13.1413208925602,NA,16.0837447679681,16.5165627967435,NA,NA,NA,NA,NA,15.0699178457995,NA,NA,NA,14.8634783619695,NA,0.36334308001912,0.487611359433839,0.587376432809287,0.717881560046976,0.843284753077382,0.999210440201985,1.149130138512,1.27716126964069,1.34953226424286,1.55871627115693,1.63935647617787,1.77595182705429,1.91701096467729,2.00993595689859
"86",17038,16.3133468302752,16.0920878365014,15.8808397571137,15.6336808849233,15.3862001259156,15.1734550191926,14.9295344261094,14.7001049761577,14.5027275164363,14.2760214400394,14.0365653802337,13.830099162362,13.6215640982935,13.3963582035776,16.0837447679681,16.5165627967435,NA,NA,NA,NA,NA,15.0699178457995,NA,NA,NA,14.8634783619695,NA,NA,0.34600103828047,0.451171390284078,0.524492618106589,0.64706872459766,0.711776343695384,0.80757701719781,0.907979213912304,0.984541614089578,1.07646144896506,1.1920233885376,1.30680132773845,1.45303675167164,1.6466032103507,1.71750236952157
"87",17039,16.0766725375168,15.8698743790294,15.6209657484025,15.4354087248986,15.2134313542976,14.9585810727269,14.7087833071525,14.4946647710843,14.2958030722824,14.095118641369,13.8608742622136,13.6534614121409,13.4365254292311,13.2194729734693,16.5165627967435,NA,NA,NA,NA,NA,15.0699178457995,NA,NA,NA,14.8634783619695,NA,NA,14.8126981778216,0.155968278247772,0.230427530435981,0.269529760327127,0.337654320281612,0.42407130564743,0.51311002838884,0.611355097893776,0.757665069983926,0.888310982024085,0.926236257340796,0.976318045595661,0.99036348469539,1.098844181385,1.07568437936441
"88",17040,15.8384361659104,15.622411305415,15.3667489380107,15.1574764719476,14.9363869991306,14.696159899628,14.4924091492279,14.2962241015096,14.1037070586097,13.9004898056078,13.669755554004,13.4109605588434,13.1817677912987,12.9370110431287,NA,NA,NA,NA,NA,15.0699178457995,NA,NA,NA,14.8634783619695,NA,NA,14.8126981778216,NA,0.12190695767285,0.183289179937399,0.279336142866435,0.350417200027559,0.439690427130467,0.518602675464183,0.542336534800321,0.567407072175263,0.647862680605148,0.727049806925328,0.85304861076205,0.921014232194308,1.09352651107924,1.2960154369073
"89",17041,15.7335871269993,15.526419945607,15.3422433731685,15.1423641478587,14.9265847135512,14.722008154407,14.5103346523684,14.304925909918,14.0754813898848,13.9135084582513,13.7242240053782,13.5315275766783,13.362427158256,13.1692642559566,NA,NA,NA,NA,15.0699178457995,NA,NA,NA,14.8634783619695,NA,NA,14.8126981778216,NA,NA,0.17276086524982,0.249002992604771,0.326165429122045,0.375595567363481,0.422561520408653,0.544590052401829,0.620680921745344,0.711303418771865,0.834608767333697,0.8774917604445,0.947094762012399,1.00406482787262,1.00608676021795,1.05154485332415
"90",17042,15.3856730029354,15.1679441784017,14.9647479783006,14.74032040166,14.5343357097306,14.2974533401847,14.0863735277411,13.8450768835951,13.6268500130489,13.3943402507841,13.1270849142786,12.9199242186092,12.721195638439,12.5028346411345,NA,NA,NA,15.0699178457995,NA,NA,NA,14.8634783619695,NA,NA,14.8126981778216,NA,NA,NA,0.255337314686541,0.32497286004847,0.401731495154291,0.461095503745478,0.490316665283438,0.574262220308719,0.593921390402511,0.688034751485512,0.781193678776519,0.889162636535166,0.916155936374082,0.976763455866168,1.08724024776946,1.23355657335897
"91",17043,15.1625589745296,14.9196578386186,14.6665915824053,14.4597822946733,14.2197608058657,13.9607895692551,13.6965936384144,13.4655548078839,13.239996234767,13.0434444574782,12.8388407849095,12.5854449434055,12.393775899298,12.1964488009091,NA,NA,15.0699178457995,NA,NA,NA,14.8634783619695,NA,NA,14.8126981778216,NA,NA,NA,NA,0.303742748173298,0.316892229377078,0.41450373480442,0.441106895302647,0.529032614545662,0.61823375426588,0.652074104615463,0.774347097263681,0.796130843767378,0.869604367251277,0.924090784120717,1.03632283798285,1.13910194817361,1.23010542338524
"92",17044,14.5979579155648,14.3449721962738,14.0938526005839,13.8147104006929,13.5505504159394,13.26281626519,12.9855319336527,12.6668933165046,12.4115460194462,12.1008428109312,11.8043921992605,11.522799172968,11.2342023767343,11.0150104626454,NA,15.0699178457995,NA,NA,NA,14.8634783619695,NA,NA,14.8126981778216,NA,NA,NA,NA,NA,0.452462595695623,0.502407166474813,0.558586861794345,0.677663916577345,0.790696887919876,0.890734153428681,0.931359833991663,0.925969928247053,0.960393692551019,1.01142456285467,1.05665878597202,1.11837874315026,1.18832992481718,1.41278038741266
"93",17045,14.5939381234848,14.3403654955168,14.1150267609331,13.8711793717596,13.6091868872143,13.343997594358,13.038721855701,12.7773221644598,12.5467017647277,12.3373533395551,12.0520315421956,11.8131329061055,11.558649956491,11.2976129473038,15.0699178457995,NA,NA,NA,14.8634783619695,NA,NA,14.8126981778216,NA,NA,NA,NA,NA,NA,0.534935351415005,0.583482401508312,0.663900928204783,0.850312457847423,0.864593315237389,0.996883746993036,1.15499942304612,1.27555632768282,1.29026565658492,1.37214701054249,1.51343120220112,1.71182080566194,1.78564820121315,1.84564560465596
"94",17046,14.6703758582029,14.4439444988865,14.1806451326072,13.9578495353021,13.7270804148218,13.4671715356472,13.2228586715221,12.9825154197357,12.760852235719,12.4958451424693,12.3018728968449,12.0439536323305,11.7741569979435,11.5648310051307,NA,NA,NA,14.8634783619695,NA,NA,14.8126981778216,NA,NA,NA,NA,NA,NA,12.5748894683018,0.156538450561228,0.193554148020505,0.248654369113849,0.308969596104927,0.41159300118764,0.427805908951468,0.522015715113778,0.653560906185656,0.763881012140801,0.945816438178889,0.999859233479907,1.17028631248145,1.25124092336766,1.35668108339128
"95",17047,14.3948319539777,14.1241934427558,13.8566213067138,13.5829060798963,13.2620971897979,12.9915097548008,12.7206820050967,12.4584225780763,12.1433107128475,11.893079978306,11.6089967422605,11.3609171823818,11.1206411139117,10.8641772757052,NA,NA,14.8634783619695,NA,NA,14.8126981778216,NA,NA,NA,NA,NA,NA,12.5748894683018,12.5075533915114,0.183303365897224,0.26206503122593,0.311278062760978,0.354939044176764,0.503345172861376,0.572905910594258,0.691946646562903,0.795263945196281,0.870836947802118,0.951668778229217,1.12750096849177,1.26267011829204,1.34454696156788,1.52432498287479
"96",17048,14.4316223736614,14.2324318093696,13.9921130989988,13.778805154346,13.5995861385707,13.388916476779,13.1923528771508,12.9540599204651,12.6935660808158,12.4876145412321,12.3005735786034,12.0836474299531,11.8819220064005,11.6478356643981,NA,14.8634783619695,NA,NA,14.8126981778216,NA,NA,NA,NA,NA,NA,12.5748894683018,12.5075533915114,NA,0.26166653972648,0.348076068599383,0.418891585143746,0.486014500220926,0.534796293510228,0.535518675330417,0.591921062878484,0.695443121305585,0.896576728427785,0.965154853538203,1.04710253545406,1.15547846768211,1.20079102589223,1.23596046807926
"97",17049,14.0549013266956,13.8471704785336,13.6093535262246,13.3352701630561,13.1041844010277,12.8791686394783,12.654465000744,12.4186761568523,12.158036356086,11.9213610238718,11.7012029826581,11.4854023617094,11.240576406631,10.9860657219372,14.8634783619695,NA,NA,14.8126981778216,NA,NA,NA,NA,NA,NA,12.5748894683018,12.5075533915114,NA,NA,0.379115205487078,0.47710421080872,0.551917948570279,0.585332252500224,0.726893590203094,0.85603711120087,1.00132288122535,1.05592165449484,1.21529447805341,1.3682847846117,1.47032591239072,1.52085820529418,1.54734940585196,1.53830391569743
"98",17050,14.1802591249919,13.9025533630454,13.6309473181293,13.3831100733824,13.0882599952433,12.8347288637959,12.5935867525172,12.3366921956291,12.0961573349635,11.8587736542011,11.6133264170091,11.3800801904322,11.1307651121155,10.8732112475279,NA,NA,14.8126981778216,NA,NA,NA,NA,NA,NA,12.5748894683018,12.5075533915114,NA,NA,NA,0.159255485436129,0.2048453715025,0.260044222404653,0.318840414745927,0.390257551659854,0.478428158925085,0.575584476275709,0.668527522446626,0.818269758666717,0.809803082022405,0.878818005580076,0.935577386702169,1.01073117491195,1.10628871116989
"99",17051,13.8016522724936,13.4990736729511,13.2084259063887,12.9506956889614,12.7189030072583,12.4596870507524,12.1553517547912,11.8658856999466,11.5648971028368,11.2304511491215,10.8703131513784,10.6151409873912,10.3159142670953,10.0453349045832,NA,14.8126981778216,NA,NA,NA,NA,NA,NA,12.5748894683018,12.5075533915114,NA,NA,NA,NA,0.205756695041535,0.25531751508217,0.390437647381153,0.432073465467904,0.520354476078935,0.594928022954406,0.709345165119112,0.757229678280825,0.869137502394148,0.958703377553542,1.01094120797558,1.16791208361247,1.33790690884367,1.41335409236986
"100",17052,13.5794514814506,13.2988212543961,12.9942016607552,12.7466681484063,12.4643895304719,12.2287160452028,11.9651614577963,11.6406675052278,11.3724340944989,11.095933780717,10.8498270707173,10.5523143001686,10.2937488251308,10.0346283712985,14.8126981778216,NA,NA,NA,NA,NA,NA,12.5748894683018,12.5075533915114,NA,NA,NA,NA,NA,0.301126393092168,0.389332728756207,0.470999538482474,0.587314079102005,0.640073238348156,0.792984702303812,0.822552435562042,0.961331193014901,1.04274231228752,1.26325787132077,1.48447619746103,1.60477142337617,1.75738705631778,1.89519376448811
"101",17053,13.9408331035273,13.6926082013321,13.4663410314613,13.2505150764723,13.0340234265578,12.7977535267031,12.5800019473111,12.3296867155447,12.0817367420335,11.8446186109096,11.5965883256433,11.3962350789063,11.1875168005023,10.9781602416014,NA,NA,NA,NA,NA,NA,12.5748894683018,12.5075533915114,NA,NA,NA,NA,NA,NA,0.123553638564968,0.179088500895529,0.247005114579358,0.3818330056907,0.470158609240691,0.606045204186486,0.684953873412229,0.812372449335503,0.921436738574927,0.9872443031803,1.06289484645759,1.13116085683333,1.26448369775079,1.35533877871163
"102",17054,13.7251791005728,13.530566048271,13.2771269697405,13.0181924794498,12.7618698900414,12.5027389917144,12.2774778142873,11.9967932880081,11.7940426120681,11.4984913674164,11.2851614256086,10.9728738796446,10.7166750437366,10.4784236910626,NA,NA,NA,NA,NA,12.5748894683018,12.5075533915114,NA,NA,NA,NA,NA,NA,NA,0.216252560491532,0.243552496220285,0.364789810449429,0.461019095755431,0.50549020114209,0.625112879650458,0.72894460878249,0.758105184297637,0.837366808002025,0.97892566785278,1.06277794272726,1.17168293091352,1.19747536566146,1.40205046137186
"103",17055,13.3790859668112,13.1618114539819,12.9423495418496,12.6901780516795,12.4216780741077,12.1623003363115,11.9090045390922,11.6773845859464,11.4427553021953,11.1710895662962,10.8559112269367,10.6185126197875,10.370468837305,10.1403711918226,NA,NA,NA,NA,12.5748894683018,12.5075533915114,NA,NA,NA,NA,NA,NA,NA,NA,0.334175374729978,0.376707810201572,0.466493489377968,0.548129699886536,0.557682361523729,0.62985729201949,0.683387157346096,0.769800116588506,0.879372365680064,0.953532146865426,1.09814018874497,1.22493436996662,1.33764958077246,1.53947324358496
"104",17056,13.1322790703749,12.8403666588555,12.6088567204599,12.3506859488534,12.1198440202498,11.8654599159868,11.5688929382905,11.3305865616525,11.0583265512682,10.7969979704396,10.5254996130645,10.2776427128293,10.0269224612906,9.7111174891343,NA,NA,NA,12.5748894683018,12.5075533915114,NA,NA,NA,NA,NA,NA,NA,NA,NA,0.534192527540396,0.59561715985779,0.728186029690187,0.818659961468616,0.91331361439396,0.950094028015458,0.955356626021314,0.959815152453343,1.05189007722609,1.1943582709364,1.29308371410081,1.36694812881379,1.55978952133498,1.66902840679412
"105",17057,12.6625925482501,12.3482216096016,12.0920454513137,11.799474209619,11.4579047568189,11.1265140123006,10.8737303723514,10.5796220322106,10.3183863666761,10.0372753696572,9.78466325180647,9.45495038887627,9.17350131121701,8.92221949455595,NA,NA,12.5748894683018,12.5075533915114,NA,NA,NA,NA,NA,NA,NA,NA,NA,7.78920335983456,0.44909667272857,0.561230764620917,0.670633277416983,0.715495846257467,0.780205490136113,0.899186992607014,0.956233627985839,0.946168250708515,1.03156092324789,1.06453215363501,1.1038760614336,1.25101980562988,1.35103613551831,1.37159358751077
"106",17058,13.0071996582987,12.7810038512113,12.5747385674338,12.3358028775631,12.117939653037,11.9307145654399,11.6674108190505,11.4410653038588,11.2124057653657,10.9580794625254,10.6871478818824,10.4214182644137,10.1582427901293,9.91569019776001,NA,12.5748894683018,12.5075533915114,NA,NA,NA,NA,NA,NA,NA,NA,NA,7.78920335983456,NA,0.381525371908894,0.487521648409238,0.5517629717105,0.635968695574914,0.721651899100201,0.76737998283912,0.855942913505233,0.988826470229496,1.06924478593877,1.09369163973881,1.2689984176166,1.4473324350434,1.55875803310655,1.73090364738807
"107",17059,12.7101440610253,12.5220054395101,12.3032710483947,12.0415012828296,11.8053396622397,11.5501976188094,11.3764058758657,11.0997191620913,10.8398731573841,10.5751748248576,10.3237001369975,10.0682442072869,9.84506577649419,9.59823736620443,12.5748894683018,12.5075533915114,NA,NA,NA,NA,NA,NA,NA,NA,NA,7.78920335983456,NA,NA,0.572442641839812,0.718050801064843,0.809989428679204,1.01186219286529,1.13817455035852,1.14086014831349,1.21255463253879,1.31795376471166,1.41236319149417,1.52091072275736,1.63564670810707,1.69119227205813,1.72389119370197,1.82330327513358
"108",17060,12.2697267241322,12.0389507639837,11.8209082581424,11.551671390259,11.2938458374282,11.0111033134691,10.7957863198294,10.5801970703079,10.3250955248788,10.1074418799851,9.84747024413486,9.59671676150824,9.29728953011847,9.05225703843517,12.5075533915114,NA,NA,NA,NA,NA,NA,NA,NA,NA,7.78920335983456,NA,NA,7.55861240021509,0.176200487507679,0.251250215080307,0.363910134116431,0.463922300662002,0.512976518343197,0.560180659737268,0.687871862145616,0.781041074492051,0.908149984784509,0.959208237817646,1.08196806579868,1.11587076121293,1.26607789727943,1.37653470202281
"109",17061,11.970045648565,11.7125975804138,11.4197334221436,11.1440526819487,10.9039092996732,10.5786055198779,10.3133845025565,10.0667717929507,9.77275547785121,9.49331464935711,9.23055503546156,8.98359186343181,8.73341219989007,NA,NA,NA,NA,NA,NA,NA,NA,NA,NA,7.78920335983456,NA,NA,7.55861240021509,NA,0.164391878118921,0.257949762285769,0.291293269972776,0.350632720535837,0.494078148951703,0.52353460318026,0.620651238710629,0.722277165184536,0.75901206320791,0.845219083539857,0.900400509796314,0.975702264168305,1.02981336132322,NA
"110",17062,11.9894937256204,11.7341999239118,11.5013751527783,11.2402458403795,10.9663021737147,10.7453237290015,10.4886390383452,10.2930481815148,10.0887249525341,9.81346995201337,9.58025983551994,9.35463894928777,NA,NA,NA,NA,NA,NA,NA,NA,NA,NA,7.78920335983456,NA,NA,7.55861240021509,NA,NA,0.19413564119301,0.229200346973603,0.295367174926276,0.350104719518343,0.480187917066785,0.531856026665095,0.581202098819428,0.653150984806645,0.742806060770679,0.875315936228664,1.0000490871495,1.05227502229078,NA,NA
"111",17063,11.4452810836454,11.1221779249081,10.8145911343239,10.5377340833376,10.2890043355246,10.0116379176455,9.68918032154676,9.42053735471661,9.08563855406357,8.81311706710883,8.52156657261584,NA,NA,NA,NA,NA,NA,NA,NA,NA,NA,7.78920335983456,NA,NA,7.55861240021509,NA,NA,NA,0.324417048471838,0.401921413487961,0.455200805878406,0.596192309704861,0.677824355929992,0.797587907315844,0.905582533007469,0.936540499090612,1.08607215372818,1.19775043564922,1.25550078974563,NA,NA,NA
"112",17064,11.3906186760227,11.1194144820015,10.8598700766842,10.6119529791482,10.3352508671572,10.0960740668219,9.8475470622988,9.62241964936657,9.34445949440602,9.11100928068826,NA,NA,NA,NA,NA,NA,NA,NA,NA,NA,7.78920335983456,NA,NA,7.55861240021509,NA,NA,NA,NA,0.358739977621656,0.445810465932212,0.57521580678604,0.616857852062676,0.666664837550145,0.805143785057552,0.878318594419177,0.952384433112571,1.10330841443225,1.18947582616185,NA,NA,NA,NA
"113",17065,11.1076358499843,10.7949651884431,10.5318465023649,10.2337570396098,9.94767116399976,9.70069279172942,9.37591469723434,9.10284706130066,8.8869354727932,NA,NA,NA,NA,NA,NA,NA,NA,NA,NA,7.78920335983456,NA,NA,7.55861240021509,NA,NA,NA,NA,NA,0.470955166826734,0.611585326944186,0.739425660306496,0.853867641798248,0.931370883878518,1.06237386495995,1.19088702894096,1.30356442560272,1.36679457351551,NA,NA,NA,NA,NA
"114",17066,10.4618938892427,10.190866743928,9.91291925974877,9.61193776096681,9.29001470956269,9.04279715449683,8.71536812207749,8.4501100570612,NA,NA,NA,NA,NA,NA,NA,NA,NA,NA,7.78920335983456,NA,NA,7.55861240021509,NA,NA,NA,NA,NA,NA,0.477012313343356,0.537211379118254,0.606718976010289,0.721488434359354,0.763600611475612,0.763013091078759,0.763849950213498,0.923868936778097,NA,NA,NA,NA,NA,NA
"115",17067,10.2312416947578,9.96271870494584,9.64792653799656,9.38709234681294,9.08824921472781,8.78979110016736,8.5463330445011,NA,NA,NA,NA,NA,NA,NA,NA,NA,NA,7.78920335983456,NA,NA,7.55861240021509,NA,NA,NA,NA,NA,NA,NA,0.551619419278496,0.605943179974581,0.768340831632055,0.878326175635266,0.98539033631709,1.03958708518183,1.19899332140221,NA,NA,NA,NA,NA,NA,NA
"116",17068,10.0317912168229,9.77412495255717,9.4807589417038,9.22821986693917,8.99124694104729,8.69330760436794,NA,NA,NA,NA,NA,NA,NA,NA,NA,NA,7.78920335983456,NA,NA,7.55861240021509,NA,NA,NA,NA,NA,NA,NA,NA,0.715570551873532,0.839457457691447,0.916730276359876,1.04628840141713,1.13357889683485,1.17522700039823,NA,NA,NA,NA,NA,NA,NA,NA
"117",17069,9.94403419119063,9.69944758507469,9.43867095149513,9.18979714146394,8.91272967431616,NA,NA,NA,NA,NA,NA,NA,NA,NA,NA,7.78920335983456,NA,NA,7.55861240021509,NA,NA,NA,NA,NA,NA,NA,NA,NA,0.593803349989839,0.664191265435107,0.780053126085735,0.84958960957613,0.938532682561175,NA,NA,NA,NA,NA,NA,NA,NA,NA
"118",17070,9.61986730250459,9.35998498281841,9.1126866644756,8.85522631624701,NA,NA,NA,NA,NA,NA,NA,NA,NA,NA,7.78920335983456,NA,NA,7.55861240021509,NA,NA,NA,NA,NA,NA,NA,NA,NA,NA,0.957926469954726,1.0144469485498,1.21140563801519,1.33756347956253,NA,NA,NA,NA,NA,NA,NA,NA,NA,NA
"119",17071,7.90632321865693,7.56130820858296,7.24211344710047,NA,NA,NA,NA,NA,NA,NA,NA,NA,NA,NA,NA,NA,7.55861240021509,NA,NA,NA,NA,NA,NA,NA,NA,NA,NA,NA,0.149333847961642,0.21288453941234,0.296112674401992,NA,NA,NA,NA,NA,NA,NA,NA,NA,NA,NA
"120",17072,7.80317223587236,7.49909816964577,NA,NA,NA,NA,NA,NA,NA,NA,NA,NA,NA,NA,NA,7.55861240021509,NA,NA,NA,NA,NA,NA,NA,NA,NA,NA,NA,NA,0.219659358117989,0.285964482271399,NA,NA,NA,NA,NA,NA,NA,NA,NA,NA,NA,NA
"121",17073,7.3730034624423,NA,NA,NA,NA,NA,NA,NA,NA,NA,NA,NA,NA,NA,7.55861240021509,NA,NA,NA,NA,NA,NA,NA,NA,NA,NA,NA,NA,NA,0.335113806924634,NA,NA,NA,NA,NA,NA,NA,NA,NA,NA,NA,NA,NA
"122",NA,NA,NA,NA,NA,NA,NA,NA,NA,NA,NA,NA,NA,NA,NA,NA,NA,NA,NA,NA,NA,NA,NA,NA,NA,NA,NA,NA,NA,NA,NA,NA,NA,NA,NA,NA,NA,NA,NA,NA,NA,NA,NA
