"","oxy","dsim","year","Calendar_date","doy"
"1",10.505434132602,1,2013,2013-05-30,"150"
"2",10.6759621069545,2,2013,2013-05-31,"151"
"3",10.8425708889231,3,2013,2013-06-01,"152"
"4",11.005437527385,4,2013,2013-06-02,"153"
"5",11.1647263943475,5,2013,2013-06-03,"154"
"6",11.3205904200788,6,2013,2013-06-04,"155"
"7",11.4731721775723,7,2013,2013-06-05,"156"
"8",11.6226048382355,8,2013,2013-06-06,"157"
"9",11.7690130170283,9,2013,2013-06-07,"158"
"10",11.9125135223019,10,2013,2013-06-08,"159"
"11",12.0532160231622,11,2013,2013-06-09,"160"
"12",12.1912236451885,12,2013,2013-06-10,"161"
"13",12.3266335036964,13,2013,2013-06-11,"162"
"14",12.4595371823704,14,2013,2013-06-12,"163"
"15",12.5900211639605,15,2013,2013-06-13,"164"
"16",12.7181672187835,16,2013,2013-06-14,"165"
"17",12.3974395200311,17,2013,2013-06-15,"166"
"18",12.0786848452381,18,2013,2013-06-16,"167"
"19",11.7619690454219,19,2013,2013-06-17,"168"
"20",11.905608207401,20,2013,2013-06-18,"169"
"21",12.0464441933285,21,2013,2013-06-19,"170"
"22",12.1845804338543,22,2013,2013-06-20,"171"
"23",12.3201143247812,23,2013,2013-06-21,"172"
"24",12.0018469342494,24,2013,2013-06-22,"173"
"25",11.6856347689743,25,2013,2013-06-23,"174"
"26",11.3715471537033,26,2013,2013-06-24,"175"
"27",11.0596563445308,27,2013,2013-06-25,"176"
"28",10.7500376515022,28,2013,2013-06-26,"177"
"29",10.4427695630433,29,2013,2013-06-27,"178"
"30",10.1379338714842,30,2013,2013-06-28,"179"
"31",9.83561579876791,31,2013,2013-06-29,"180"
"32",9.53590412123421,32,2013,2013-06-30,"181"
"33",9.23889129213138,33,2013,2013-07-01,"182"
"34",8.94467356023735,34,2013,2013-07-02,"183"
"35",8.65335108266017,35,2013,2013-07-03,"184"
"36",8.36502802953245,36,2013,2013-07-04,"185"
"37",8.07981267791111,37,2013,2013-07-05,"186"
"38",7.79781749174102,38,2013,2013-07-06,"187"
"39",7.51915918423461,39,2013,2013-07-07,"188"
"40",7.24395875845945,40,2013,2013-07-08,"189"
"41",6.97234152131254,41,2013,2013-07-09,"190"
"42",6.70443706539712,42,2013,2013-07-10,"191"
"43",6.44037921261114,43,2013,2013-07-11,"192"
"44",6.18030591251903,44,2013,2013-07-12,"193"
"45",5.9243590878255,45,2013,2013-07-13,"194"
"46",5.67268441852708,46,2013,2013-07-14,"195"
"47",5.42543105561677,47,2013,2013-07-15,"196"
"48",5.18275125460279,48,2013,2013-07-16,"197"
"49",4.94479991862979,49,2013,2013-07-17,"198"
"50",4.71173404072766,50,2013,2013-07-18,"199"
"51",4.48371203474309,51,2013,2013-07-19,"200"
"52",4.26089294492648,52,2013,2013-07-20,"201"
"53",4.04343552506193,53,2013,2013-07-21,"202"
"54",3.83149717955589,54,2013,2013-07-22,"203"
"55",3.6252327611612,55,2013,2013-07-23,"204"
"56",3.42479322311976,56,2013,2013-07-24,"205"
"57",3.23032412755341,57,2013,2013-07-25,"206"
"58",3.04196401697599,58,2013,2013-07-26,"207"
"59",2.85984266184476,59,2013,2013-07-27,"208"
"60",2.68407920404126,60,2013,2013-07-28,"209"
"61",2.51478022390057,61,2013,2013-07-29,"210"
"62",2.35203776660219,62,2013,2013-07-30,"211"
"63",2.19592737197997,63,2013,2013-07-31,"212"
"64",2.04650615955364,64,2013,2013-08-01,"213"
"65",2.68889977831338,65,2013,2013-08-02,"214"
"66",3.25358279171823,66,2013,2013-08-03,"215"
"67",3.76132341077005,67,2013,2013-08-04,"216"
"68",4.22493830854278,68,2013,2013-08-05,"217"
"69",4.65302058761048,69,2013,2013-08-06,"218"
"70",5.05167456996266,70,2013,2013-08-07,"219"
"71",5.42542635324699,71,2013,2013-08-08,"220"
"72",5.77774471033487,72,2013,2013-08-09,"221"
"73",6.11135909574858,73,2013,2013-08-10,"222"
"74",6.42846394760998,74,2013,2013-08-11,"223"
"75",6.73085545946718,75,2013,2013-08-12,"224"
"76",7.02002631032053,76,2013,2013-08-13,"225"
"77",7.29723317785985,77,2013,2013-08-14,"226"
"78",7.56354604157381,78,2013,2013-08-15,"227"
"79",7.81988495313971,79,2013,2013-08-16,"228"
"80",8.06704796802329,80,2013,2013-08-17,"229"
"81",8.30573270871335,81,2013,2013-08-18,"230"
"82",8.53655325210342,82,2013,2013-08-19,"231"
"83",8.76005352559105,83,2013,2013-08-20,"232"
"84",8.97671805688344,84,2013,2013-08-21,"233"
"85",9.18698069063855,85,2013,2013-08-22,"234"
"86",9.39123172373632,86,2013,2013-08-23,"235"
"87",9.58982379677466,87,2013,2013-08-24,"236"
"88",9.78307679728362,88,2013,2013-08-25,"237"
"89",9.97128197028211,89,2013,2013-08-26,"238"
"90",10.1547053875737,90,2013,2013-08-27,"239"
"91",10.3335908941114,91,2013,2013-08-28,"240"
"92",10.5081626247662,92,2013,2013-08-29,"241"
"93",10.6786271657426,93,2013,2013-08-30,"242"
"94",10.8451754201696,94,2013,2013-08-31,"243"
"95",11.0079842259448,95,2013,2013-09-01,"244"
"96",11.167217764932,96,2013,2013-09-02,"245"
"97",11.3230287955172,97,2013,2013-09-03,"246"
"98",11.4755597348763,98,2013,2013-09-04,"247"
"99",11.6249436127824,99,2013,2013-09-05,"248"
"100",11.7713049151253,100,2013,2013-09-06,"249"
"101",11.9147603323517,101,2013,2013-09-07,"250"
"102",12.0554194256163,102,2013,2013-09-08,"251"
"103",12.1933852214449,103,2013,2013-09-09,"252"
"104",12.3287547440756,104,2013,2013-09-10,"253"
"105",12.4616194932845,105,2013,2013-09-11,"254"
"106",12.5920658743711,106,2013,2013-09-12,"255"
"107",12.7201755860357,107,2013,2013-09-13,"256"
"108",12.8460259710826,108,2013,2013-09-14,"257"
"109",12.9696903342157,109,2013,2013-09-15,"258"
"110",13.0912382306265,110,2013,2013-09-16,"259"
"111",13.2107357285899,111,2013,2013-09-17,"260"
"112",13.3282456488752,112,2013,2013-09-18,"261"
"113",13.4438277834271,113,2013,2013-09-19,"262"
"114",13.5575390954694,114,2013,2013-09-20,"263"
"115",13.6694339029268,115,2013,2013-09-21,"264"
"116",13.7795640468318,116,2013,2013-09-22,"265"
"117",13.8879790461957,117,2013,2013-09-23,"266"
"118",13.9947262406478,118,2013,2013-09-24,"267"
"119",14.0998509220052,119,2013,2013-09-25,"268"
"120",9.49451511544622,1,2014,2014-06-02,"153"
"121",9.47903469488069,2,2014,2014-06-03,"154"
"122",9.46397066877472,3,2014,2014-06-04,"155"
"123",9.16762346688954,4,2014,2014-06-05,"156"
"124",8.87409517278549,5,2014,2014-06-06,"157"
"125",8.58348690287343,6,2014,2014-06-07,"158"
"126",8.2959038103504,7,2014,2014-06-08,"159"
"127",8.01145517604182,8,2014,2014-06-09,"160"
"128",7.73025448447564,9,2014,2014-06-10,"161"
"129",7.45241948141,10,2014,2014-06-11,"162"
"130",7.17807220846366,11,2014,2014-06-12,"163"
"131",6.90733900987178,12,2014,2014-06-13,"164"
"132",6.64035050571634,13,2014,2014-06-14,"165"
"133",6.37724152526443,14,2014,2014-06-15,"166"
"134",6.11815099330508,15,2014,2014-06-16,"167"
"135",5.86322176162192,16,2014,2014-06-17,"168"
"136",5.61260037700314,17,2014,2014-06-18,"169"
"137",5.36643677650587,18,2014,2014-06-19,"170"
"138",5.12488390010681,19,2014,2014-06-20,"171"
"139",4.88809721044167,20,2014,2014-06-21,"172"
"140",4.65623410913567,21,2014,2014-06-22,"173"
"141",4.42945323934152,22,2014,2014-06-23,"174"
"142",4.20791366462857,23,2014,2014-06-24,"175"
"143",3.99177391541891,24,2014,2014-06-25,"176"
"144",3.78119089586005,25,2014,2014-06-26,"177"
"145",3.57631864647947,26,2014,2014-06-27,"178"
"146",3.37730696129165,27,2014,2014-06-28,"179"
"147",3.1842998623121,28,2014,2014-06-29,"180"
"148",3.48726903714138,29,2014,2014-06-30,"181"
"149",3.76268140990571,30,2014,2014-07-01,"182"
"150",4.01490988197682,31,2014,2014-07-02,"183"
"151",4.24730382170164,32,2014,2014-07-03,"184"
"152",4.46249681182256,33,2014,2014-07-04,"185"
"153",4.66260443527861,34,2014,2014-07-05,"186"
"154",4.84935672038886,35,2014,2014-07-06,"187"
"155",5.02418989073494,36,2014,2014-07-07,"188"
"156",5.1883117614558,37,2014,2014-07-08,"189"
"157",5.342749498558,38,2014,2014-07-09,"190"
"158",5.48838523767507,39,2014,2014-07-10,"191"
"159",5.62598313945853,40,2014,2014-07-11,"192"
"160",5.75621027449351,41,2014,2014-07-12,"193"
"161",5.87965297743458,42,2014,2014-07-13,"194"
"162",5.99682981813163,43,2014,2014-07-14,"195"
"163",6.10820200857277,44,2014,2014-07-15,"196"
"164",6.21418183983691,45,2014,2014-07-16,"197"
"165",6.31513958691837,46,2014,2014-07-17,"198"
"166",6.41140920861638,47,2014,2014-07-18,"199"
"167",6.50329309011103,48,2014,2014-07-19,"200"
"168",6.59106601781967,49,2014,2014-07-20,"201"
"169",6.67497853325756,50,2014,2014-07-21,"202"
"170",6.75525978057515,51,2014,2014-07-22,"203"
"171",6.83211993821426,52,2014,2014-07-23,"204"
"172",6.90575230662175,53,2014,2014-07-24,"205"
"173",6.97633510969288,54,2014,2014-07-25,"206"
"174",7.04403305652013,55,2014,2014-07-26,"207"
"175",7.10899870132111,56,2014,2014-07-27,"208"
"176",7.17137363254129,57,2014,2014-07-28,"209"
"177",7.23128951665235,58,2014,2014-07-29,"210"
"178",7.28886901777907,59,2014,2014-07-30,"211"
"179",7.01665510750551,60,2014,2014-07-31,"212"
"180",6.74813242394534,61,2014,2014-08-01,"213"
"181",6.4834341007653,62,2014,2014-08-02,"214"
"182",6.2226974193869,63,2014,2014-08-03,"215"
"183",5.96606366369751,64,2014,2014-08-04,"216"
"184",5.71367791487101,65,2014,2014-08-05,"217"
"185",5.46568877728371,66,2014,2014-08-06,"218"
"186",5.22224802587924,67,2014,2014-08-07,"219"
"187",4.98351016483578,68,2014,2014-08-08,"220"
"188",4.74963188708652,69,2014,2014-08-09,"221"
"189",4.52077142421938,70,2014,2014-08-10,"222"
"190",4.29708777662928,71,2014,2014-08-11,"223"
"191",4.07873981462147,72,2014,2014-08-12,"224"
"192",3.86588524258387,73,2014,2014-08-13,"225"
"193",3.65867942047885,74,2014,2014-08-14,"226"
"194",3.45727403986593,75,2014,2014-08-15,"227"
"195",3.26181565555346,76,2014,2014-08-16,"228"
"196",3.07244407885561,77,2014,2014-08-17,"229"
"197",2.88929064431405,78,2014,2014-08-18,"230"
"198",3.43269780435224,79,2014,2014-08-19,"231"
"199",3.92418401370396,80,2014,2014-08-20,"232"
"200",4.37484311945012,81,2014,2014-08-21,"233"
"201",4.79227797562577,82,2014,2014-08-22,"234"
"202",5.18197650907786,83,2014,2014-08-23,"235"
"203",5.54805778604085,84,2014,2014-08-24,"236"
"204",5.89370924188981,85,2014,2014-08-25,"237"
"205",6.2214586598931,86,2014,2014-08-26,"238"
"206",6.53335154722639,87,2014,2014-08-27,"239"
"207",6.83107135327693,88,2014,2014-08-28,"240"
"208",7.11602359678475,89,2014,2014-08-29,"241"
"209",7.38939634938502,90,2014,2014-08-30,"242"
"210",7.65220473884104,91,2014,2014-08-31,"243"
"211",7.90532435769027,92,2014,2014-09-01,"244"
"212",8.14951678750562,93,2014,2014-09-02,"245"
"213",8.38544940420871,94,2014,2014-09-03,"246"
"214",8.61371095928402,95,2014,2014-09-04,"247"
"215",8.83482399019683,96,2014,2014-09-05,"248"
"216",9.0492548159147,97,2014,2014-09-06,"249"
"217",9.25742166900715,98,2014,2014-09-07,"250"
"218",9.45970137269277,99,2014,2014-09-08,"251"
"219",9.65643486934933,100,2014,2014-09-09,"252"
"220",9.84793183341162,101,2014,2014-09-10,"253"
"221",10.0344745476725,102,2014,2014-09-11,"254"
"222",10.21632118201,103,2014,2014-09-12,"255"
"223",10.3937085835477,104,2014,2014-09-13,"256"
"224",10.5668546644847,105,2014,2014-09-14,"257"
"225",10.7359604563817,106,2014,2014-09-15,"258"
"226",10.9012118861973,107,2014,2014-09-16,"259"
"227",11.0627813188412,108,2014,2014-09-17,"260"
"228",11.2208289027326,109,2014,2014-09-18,"261"
"229",11.3755037482941,110,2014,2014-09-19,"262"
"230",11.5269449640756,111,2014,2014-09-20,"263"
"231",11.6752825709991,112,2014,2014-09-21,"264"
"232",11.8206383118153,113,2014,2014-09-22,"265"
"233",11.9631263700996,114,2014,2014-09-23,"266"
"234",12.102854010852,115,2014,2014-09-24,"267"
"235",12.2399221529114,116,2014,2014-09-25,"268"
"236",12.3744258818539,117,2014,2014-09-26,"269"
"237",12.5064549107741,118,2014,2014-09-27,"270"
"238",12.6360939952826,119,2014,2014-09-28,"271"
"239",12.7634233081632,120,2014,2014-09-29,"272"
"240",12.8885187783844,121,2014,2014-09-30,"273"
"241",13.0114523985252,122,2014,2014-10-01,"274"
"242",13.1322925041437,123,2014,2014-10-02,"275"
"243",13.2511040281543,124,2014,2014-10-03,"276"
"244",13.3679487328965,125,2014,2014-10-04,"277"
"245",7.46658742304282,1,2015,2015-05-28,"148"
"246",7.19831362945821,2,2015,2015-05-29,"149"
"247",6.94026169049041,3,2015,2015-05-30,"150"
"248",6.69251515623496,4,2015,2015-05-31,"151"
"249",6.45513049498262,5,2015,2015-06-01,"152"
"250",5.96403983700221,6,2015,2015-06-02,"153"
"251",5.71168845780132,7,2015,2015-06-03,"154"
"252",5.46373488471541,8,2015,2015-06-04,"155"
"253",5.2203309162551,9,2015,2015-06-05,"156"
"254",4.98163107627289,10,2015,2015-06-06,"157"
"255",4.74779207265304,11,2015,2015-06-07,"158"
"256",4.51897214629837,12,2015,2015-06-08,"159"
"257",4.1342376068676,13,2015,2015-06-09,"160"
"258",4.04076235576202,14,2015,2015-06-10,"161"
"259",3.95427941703122,15,2015,2015-06-11,"162"
"260",3.87441209951996,16,2015,2015-06-12,"163"
"261",3.80078339978331,17,2015,2015-06-13,"164"
"262",3.73301917363463,18,2015,2015-06-14,"165"
"263",3.67075100715702,19,2015,2015-06-15,"166"
"264",3.61361875023868,20,2015,2015-06-16,"167"
"265",3.5612726909926,21,2015,2015-06-17,"168"
"266",3.5133753635848,22,2015,2015-06-18,"169"
"267",3.46960299441692,23,2015,2015-06-19,"170"
"268",3.42964660190512,24,2015,2015-06-20,"171"
"269",3.39321277310294,25,2015,2015-06-21,"172"
"270",3.36002414614289,26,2015,2015-06-22,"173"
"271",3.32981963107705,27,2015,2015-06-23,"174"
"272",3.61926862447533,28,2015,2015-06-24,"175"
"273",3.88336027560218,29,2015,2015-06-25,"176"
"274",4.1259405466266,30,2015,2015-06-26,"177"
"275",4.34999366310826,31,2015,2015-06-27,"178"
"276",4.55789094250602,32,2015,2015-06-28,"179"
"277",4.75155398548739,33,2015,2015-06-29,"180"
"278",4.93256578860362,34,2015,2015-06-30,"181"
"279",5.20788686938075,35,2015,2015-07-01,"182"
"280",5.466830679374,36,2015,2015-07-02,"183"
"281",5.71124068829054,37,2015,2015-07-03,"184"
"282",5.94264367380482,38,2015,2015-07-04,"185"
"283",6.16232117941336,39,2015,2015-07-05,"186"
"284",6.37136144255047,40,2015,2015-07-06,"187"
"285",6.57069795747052,41,2015,2015-07-07,"188"
"286",6.76113865846844,42,2015,2015-07-08,"189"
"287",6.94338837423837,43,2015,2015-07-09,"190"
"288",7.11806636064963,44,2015,2015-07-10,"191"
"289",7.28572017138103,45,2015,2015-07-11,"192"
"290",7.44683676134128,46,2015,2015-07-12,"193"
"291",7.60185146998212,47,2015,2015-07-13,"194"
"292",7.75115535983149,48,2015,2015-07-14,"195"
"293",7.89510126440591,49,2015,2015-07-15,"196"
"294",8.03400881282598,50,2015,2015-07-16,"197"
"295",8.11534959848197,51,2015,2015-07-17,"198"
"296",8.14114173887554,52,2015,2015-07-18,"199"
"297",8.16607599211136,53,2015,2015-07-19,"200"
"298",8.19018435084674,54,2015,2015-07-20,"201"
"299",8.21349738371211,55,2015,2015-07-21,"202"
"300",8.23604431435704,56,2015,2015-07-22,"203"
"301",8.25785309503208,57,2015,2015-07-23,"204"
"302",8.27895047516162,58,2015,2015-07-24,"205"
"303",8.29936206531908,59,2015,2015-07-25,"206"
"304",8.3191123969762,60,2015,2015-07-26,"207"
"305",8.33822497836319,61,2015,2015-07-27,"208"
"306",8.25108427306344,62,2015,2015-07-28,"209"
"307",8.06112603315692,63,2015,2015-07-29,"210"
"308",7.87745755240995,64,2015,2015-07-30,"211"
"309",7.70006187328711,65,2015,2015-07-31,"212"
"310",7.52891172927619,66,2015,2015-08-01,"213"
"311",7.36396940445047,67,2015,2015-08-02,"214"
"312",7.20518667244452,68,2015,2015-08-03,"215"
"313",7.0525048190028,69,2015,2015-08-04,"216"
"314",6.90585475089067,70,2015,2015-08-05,"217"
"315",6.76515719244243,71,2015,2015-08-06,"218"
"316",6.63032296940223,72,2015,2015-08-07,"219"
"317",6.50125337804174,73,2015,2015-08-08,"220"
"318",6.58911678323248,74,2015,2015-08-09,"221"
"319",6.67311433469677,75,2015,2015-08-10,"222"
"320",6.7534756340276,76,2015,2015-08-11,"223"
"321",6.83041126595496,77,2015,2015-08-12,"224"
"322",6.90411489318178,78,2015,2015-08-13,"225"
"323",6.97476506377361,79,2015,2015-08-14,"226"
"324",7.04252677790061,80,2015,2015-08-15,"227"
"325",7.10755285198094,81,2015,2015-08-16,"228"
"326",7.16998511136061,82,2015,2015-08-17,"229"
"327",7.22995543716185,83,2015,2015-08-18,"230"
"328",7.28758668852217,84,2015,2015-08-19,"231"
"329",7.34299351788941,85,2015,2015-08-20,"232"
"330",7.39628309415253,86,2015,2015-08-21,"233"
"331",7.44755574603222,87,2015,2015-08-22,"234"
"332",7.49690553622367,88,2015,2015-08-23,"235"
"333",7.54442077518987,89,2015,2015-08-24,"236"
"334",7.59018448218338,90,2015,2015-08-25,"237"
"335",7.634274799975,91,2015,2015-08-26,"238"
"336",7.67676536884844,92,2015,2015-08-27,"239"
"337",7.71772566464785,93,2015,2015-08-28,"240"
"338",7.75722130501439,94,2015,2015-08-29,"241"
"339",7.79531432739705,95,2015,2015-08-30,"242"
"340",7.83206344195493,96,2015,2015-08-31,"243"
"341",7.86752426206955,97,2015,2015-09-01,"244"
"342",7.90174951484444,98,2015,2015-09-02,"245"
"343",7.93478923367685,99,2015,2015-09-03,"246"
"344",7.96669093473426,100,2015,2015-09-04,"247"
"345",7.99749977895129,101,2015,2015-09-05,"248"
"346",8.02725872097415,102,2015,2015-09-06,"249"
"347",8.05600864631667,103,2015,2015-09-07,"250"
"348",8.08378849784954,104,2015,2015-09-08,"251"
"349",8.11063539262062,105,2015,2015-09-09,"252"
"350",8.1365847298956,106,2015,2015-09-10,"253"
"351",8.16167029121314,107,2015,2015-09-11,"254"
"352",8.18592433316512,108,2015,2015-09-12,"255"
"353",8.20937767353921,109,2015,2015-09-13,"256"
"354",8.23205977139569,110,2015,2015-09-14,"257"
"355",8.25399880159338,111,2015,2015-09-15,"258"
"356",8.27522172422856,112,2015,2015-09-16,"259"
"357",8.29575434940545,113,2015,2015-09-17,"260"
"358",8.31562139771689,114,2015,2015-09-18,"261"
"359",8.33484655677801,115,2015,2015-09-19,"262"
"360",8.35345253412355,116,2015,2015-09-20,"263"
"361",8.37146110675131,117,2015,2015-09-21,"264"
"362",8.38889316756822,118,2015,2015-09-22,"265"
"363",8.40576876897294,119,2015,2015-09-23,"266"
"364",8.42210716378808,120,2015,2015-09-24,"267"
"365",8.43792684373664,121,2015,2015-09-25,"268"
"366",8.45324557564068,122,2015,2015-09-26,"269"
"367",8.46808043550495,123,2015,2015-09-27,"270"
"368",8.4824478406348,124,2015,2015-09-28,"271"
"369",14.9684941984562,1,2016,2016-06-01,"153"
"370",14.848384975162,2,2016,2016-06-02,"154"
"371",14.7299193953474,3,2016,2016-06-03,"155"
"372",14.6130956160749,4,2016,2016-06-04,"156"
"373",14.497911350303,5,2016,2016-06-05,"157"
"374",14.3843638638105,6,2016,2016-06-06,"158"
"375",14.2724499726606,7,2016,2016-06-07,"159"
"376",14.1621660412221,8,2016,2016-06-08,"160"
"377",14.0535079807606,9,2016,2016-06-09,"161"
"378",13.9464712486126,10,2016,2016-06-10,"162"
"379",13.5241366269092,11,2016,2016-06-11,"163"
"380",13.108372215182,12,2016,2016-06-12,"164"
"381",12.6993926535017,13,2016,2016-06-13,"165"
"382",12.2974168396481,14,2016,2016-06-14,"166"
"383",11.9026673715202,15,2016,2016-06-15,"167"
"384",11.5153698728644,16,2016,2016-06-16,"168"
"385",11.1357521907594,17,2016,2016-06-17,"169"
"386",10.7640434536204,18,2016,2016-06-18,"170"
"387",10.4004729792521,19,2016,2016-06-19,"171"
"388",10.0452690238098,20,2016,2016-06-20,"172"
"389",9.69865736450761,21,2016,2016-06-21,"173"
"390",9.36085971166615,22,2016,2016-06-22,"174"
"391",9.03209194930293,23,2016,2016-06-23,"175"
"392",8.71256220801396,24,2016,2016-06-24,"176"
"393",8.4024687794113,25,2016,2016-06-25,"177"
"394",8.10199788785183,26,2016,2016-06-26,"178"
"395",7.8113213425321,27,2016,2016-06-27,"179"
"396",7.5305941010608,28,2016,2016-06-28,"180"
"397",7.25995178407996,29,2016,2016-06-29,"181"
"398",6.99950818900687,30,2016,2016-06-30,"182"
"399",6.7493528590192,31,2016,2016-07-01,"183"
"400",6.50954877042003,32,2016,2016-07-02,"184"
"401",6.28013020684593,33,2016,2016-07-03,"185"
"402",6.06110089174753,34,2016,2016-07-04,"186"
"403",5.85243245054733,35,2016,2016-07-05,"187"
"404",5.65406327034793,36,2016,2016-07-06,"188"
"405",5.46589781770165,37,2016,2016-07-07,"189"
"406",5.28780646369885,38,2016,2016-07-08,"190"
"407",5.11962585074603,39,2016,2016-07-09,"191"
"408",4.96115981748303,40,2016,2016-07-10,"192"
"409",4.81218087825565,41,2016,2016-07-11,"193"
"410",4.67243223260447,42,2016,2016-07-12,"194"
"411",4.5416302597067,43,2016,2016-07-13,"195"
"412",4.41946743400529,44,2016,2016-07-14,"196"
"413",4.30561558265997,45,2016,2016-07-15,"197"
"414",4.1997293939965,46,2016,2016-07-16,"198"
"415",4.10145007949945,47,2016,2016-07-17,"199"
"416",4.01040909036179,48,2016,2016-07-18,"200"
"417",3.92623179301567,49,2016,2016-07-19,"201"
"418",3.84854101588026,50,2016,2016-07-20,"202"
"419",3.77696039092839,51,2016,2016-07-21,"203"
"420",3.71111742755445,52,2016,2016-07-22,"204"
"421",3.65064627150848,53,2016,2016-07-23,"205"
"422",3.59519011727151,54,2016,2016-07-24,"206"
"423",3.54440325724135,55,2016,2016-07-25,"207"
"424",3.81486698576741,56,2016,2016-07-26,"208"
"425",4.06288668593522,57,2016,2016-07-27,"209"
"426",4.39728641050632,58,2016,2016-07-28,"210"
"427",4.81315988472149,59,2016,2016-07-29,"211"
"428",5.20153993253417,60,2016,2016-07-30,"212"
"429",5.5664883229354,61,2016,2016-07-31,"213"
"430",5.91115257078784,62,2016,2016-08-01,"214"
"431",6.23803165804284,63,2016,2016-08-02,"215"
"432",6.54914970900308,64,2016,2016-08-03,"216"
"433",6.84617391311365,65,2016,2016-08-04,"217"
"434",7.13049717081314,66,2016,2016-08-05,"218"
"435",7.40329758878195,67,2016,2016-08-06,"219"
"436",7.66558230471062,68,2016,2016-08-07,"220"
"437",7.91822041852649,69,2016,2016-08-08,"221"
"438",8.16196817336586,70,2016,2016-08-09,"222"
"439",8.3974885092917,71,2016,2016-08-10,"223"
"440",8.62536645696063,72,2016,2016-08-11,"224"
"441",8.84612140609907,73,2016,2016-08-12,"225"
"442",9.06021699211954,74,2016,2016-08-13,"226"
"443",9.26806914362251,75,2016,2016-08-14,"227"
"444",9.47005269298286,76,2016,2016-08-15,"228"
"445",9.66650685210854,77,2016,2016-08-16,"229"
"446",9.85773978307083,78,2016,2016-08-17,"230"
"447",10.0440324402426,79,2016,2016-08-18,"231"
"448",10.2256418211904,80,2016,2016-08-19,"232"
"449",10.4028037339871,81,2016,2016-08-20,"233"
"450",10.5757351661557,82,2016,2016-08-21,"234"
"451",10.7446363232455,83,2016,2016-08-22,"235"
"452",10.9096923917197,84,2016,2016-08-23,"236"
"453",11.071075070442,85,2016,2016-08-24,"237"
"454",11.2289439068722,86,2016,2016-08-25,"238"
"455",11.3834474675974,87,2016,2016-08-26,"239"
"456",11.2178101466093,88,2016,2016-08-27,"240"
"457",11.0556345351655,89,2016,2016-08-28,"241"
"458",10.896922083913,90,2016,2016-08-29,"242"
"459",10.7416718446122,91,2016,2016-08-30,"243"
"460",10.5898804196837,92,2016,2016-08-31,"244"
"461",10.4415419188262,93,2016,2016-09-01,"245"
"462",10.2966479232136,94,2016,2016-09-02,"246"
"463",10.1551874577384,95,2016,2016-09-03,"247"
"464",10.0171469717241,96,2016,2016-09-04,"248"
"465",9.88251032847121,97,2016,2016-09-05,"249"
"466",9.75125880394525,98,2016,2016-09-06,"250"
"467",9.62337109484562,99,2016,2016-09-07,"251"
"468",9.49882333622447,100,2016,2016-09-08,"252"
"469",9.37758912874745,101,2016,2016-09-09,"253"
"470",9.25963957560979,102,2016,2016-09-10,"254"
"471",9.14494332903896,103,2016,2016-09-11,"255"
"472",9.03346664623283,104,2016,2016-09-12,"256"
"473",8.92517345449946,105,2016,2016-09-13,"257"
"474",8.82002542528378,106,2016,2016-09-14,"258"
"475",8.71798205668759,107,2016,2016-09-15,"259"
"476",8.61900076401508,108,2016,2016-09-16,"260"
"477",8.52303697780624,109,2016,2016-09-17,"261"
"478",8.43004424875736,110,2016,2016-09-18,"262"
"479",8.33997435887146,111,2016,2016-09-19,"263"
"480",8.25277743813313,112,2016,2016-09-20,"264"
"481",8.16840208596254,113,2016,2016-09-21,"265"
"482",8.08679549667285,114,2016,2016-09-22,"266"
"483",8.00790358813392,115,2016,2016-09-23,"267"
"484",7.93167113283369,116,2016,2016-09-24,"268"
"485",7.85804189052648,117,2016,2016-09-25,"269"
"486",7.78695874166445,118,2016,2016-09-26,"270"
"487",7.71836382082484,119,2016,2016-09-27,"271"
"488",7.65219864936962,120,2016,2016-09-28,"272"
"489",7.58840426660653,121,2016,2016-09-29,"273"
"490",7.52692135875919,122,2016,2016-09-30,"274"
"491",9.28593606835414,1,2017,2017-06-28,"179"
"492",9.17050950343177,2,2017,2017-06-29,"180"
"493",9.05831031253414,3,2017,2017-06-30,"181"
"494",8.94930294189293,4,2017,2017-07-01,"182"
"495",8.84344956443708,5,2017,2017-07-02,"183"
"496",8.74071016043704,6,2017,2017-07-03,"184"
"497",8.64104260628604,7,2017,2017-07-04,"185"
"498",8.5444027708964,8,2017,2017-07-05,"186"
"499",8.45074461912335,9,2017,2017-07-06,"187"
"500",8.36002032157143,10,2017,2017-07-07,"188"
"501",8.27218037008813,11,2017,2017-07-08,"189"
"502",8.18717369820761,12,2017,2017-07-09,"190"
"503",8.10494780577486,13,2017,2017-07-10,"191"
"504",8.02544888695713,14,2017,2017-07-11,"192"
"505",7.94862196083584,15,2017,2017-07-12,"193"
"506",7.75023166323433,1,2018,2018-06-04,"155"
"507",7.57729607635677,2,2018,2018-06-05,"156"
"508",7.41058018414849,3,2018,2018-06-06,"157"
"509",7.25003877205181,4,2018,2018-06-07,"158"
"510",7.09561612242996,5,2018,2018-06-08,"159"
"511",6.94724609854335,6,2018,2018-06-09,"160"
"512",6.80485231595955,7,2018,2018-06-10,"161"
"513",6.66834840152414,8,2018,2018-06-11,"162"
"514",6.53763833835766,9,2018,2018-06-12,"163"
"515",6.41261689366762,10,2018,2018-06-13,"164"
"516",6.29317012453031,11,2018,2018-06-14,"165"
"517",6.17917595526223,12,2018,2018-06-15,"166"
"518",6.07050481861884,13,2018,2018-06-16,"167"
"519",5.96702035187628,14,2018,2018-06-17,"168"
"520",5.86858013791054,15,2018,2018-06-18,"169"
"521",5.77503648071571,16,2018,2018-06-19,"170"
"522",5.68623720441629,17,2018,2018-06-20,"171"
"523",5.60202646473224,18,2018,2018-06-21,"172"
"524",5.52224556204162,19,2018,2018-06-22,"173"
"525",5.44673374563533,20,2018,2018-06-23,"174"
"526",5.37532899944236,21,2018,2018-06-24,"175"
"527",5.30786880038587,22,2018,2018-06-25,"176"
"528",5.24419084156777,23,2018,2018-06-26,"177"
"529",5.18413371362861,24,2018,2018-06-27,"178"
"530",5.12753753884435,25,2018,2018-06-28,"179"
"531",5.07424455375991,26,2018,2018-06-29,"180"
"532",5.02409963738044,27,2018,2018-06-30,"181"
"533",4.97695078311226,28,2018,2018-07-01,"182"
"534",4.93264951373593,29,2018,2018-07-02,"183"
"535",4.89105123968384,30,2018,2018-07-03,"184"
"536",4.85201556176705,31,2018,2018-07-04,"185"
"537",4.81540652024264,32,2018,2018-07-05,"186"
"538",4.78109279272921,33,2018,2018-07-06,"187"
"539",4.74894784396685,34,2018,2018-07-07,"188"
"540",4.71885003078247,35,2018,2018-07-08,"189"
"541",4.69068266587263,36,2018,2018-07-09,"190"
"542",4.66433404416281,37,2018,2018-07-10,"191"
"543",4.63969743555761,38,2018,2018-07-11,"192"
"544",4.61667104787364,39,2018,2018-07-12,"193"
"545",4.59515796365839,40,2018,2018-07-13,"194"
"546",4.57506605445713,41,2018,2018-07-14,"195"
"547",4.55630787590809,42,2018,2018-07-15,"196"
"548",4.53880054683354,43,2018,2018-07-16,"197"
"549",4.52246561526247,44,2018,2018-07-17,"198"
"550",4.50722891407547,45,2018,2018-07-18,"199"
"551",4.49302040871351,46,2018,2018-07-19,"200"
"552",4.69105018650739,47,2018,2018-07-20,"201"
"553",4.4634888773227,48,2018,2018-07-21,"202"
"554",4.24114476628813,49,2018,2018-07-22,"203"
"555",4.02417653139175,50,2018,2018-07-23,"204"
"556",3.81274139920125,51,2018,2018-07-24,"205"
"557",3.60699392955281,52,2018,2018-07-25,"206"
"558",3.4070846546431,53,2018,2018-07-26,"207"
"559",3.21315857476536,54,2018,2018-07-27,"208"
"560",3.02535351806519,55,2018,2018-07-28,"209"
"561",2.843798377824,56,2018,2018-07-29,"210"
"562",2.66861124782678,57,2018,2018-07-30,"211"
"563",2.49989748415516,58,2018,2018-07-31,"212"
"564",2.33774772996457,59,2018,2018-08-01,"213"
"565",2.18223594802771,60,2018,2018-08-02,"214"
"566",2.03341751349643,61,2018,2018-08-03,"215"
"567",1.89132742578538,62,2018,2018-08-04,"216"
"568",1.75597870297953,63,2018,2018-08-05,"217"
"569",1.6273610239751,64,2018,2018-08-06,"218"
"570",1.50543968202017,65,2018,2018-08-07,"219"
"571",1.39015490794254,66,2018,2018-08-08,"220"
"572",1.28142161192447,67,2018,2018-08-09,"221"
"573",1.19592811437148,68,2018,2018-08-10,"222"
"574",1.65386752632173,69,2018,2018-08-11,"223"
"575",2.03553978751999,70,2018,2018-08-12,"224"
"576",2.3624893994603,71,2018,2018-08-13,"225"
"577",2.20594288625166,72,2018,2018-08-14,"226"
"578",2.05608241574942,73,2018,2018-08-15,"227"
"579",1.91294626155415,74,2018,2018-08-16,"228"
"580",1.77655095062176,75,2018,2018-08-17,"229"
"581",1.64688986268458,76,2018,2018-08-18,"230"
"582",1.52393213143928,77,2018,2018-08-19,"231"
"583",1.4076219068878,78,2018,2018-08-20,"232"
"584",1.29787802941959,79,2018,2018-08-21,"233"
"585",1.19459415346686,80,2018,2018-08-22,"234"
"586",1.09763934232622,81,2018,2018-08-23,"235"
"587",1.00685913689224,82,2018,2018-08-24,"236"
"588",0.922077080815212,83,2018,2018-08-25,"237"
"589",0.843096664440402,84,2018,2018-08-26,"238"
"590",0.769703631355207,85,2018,2018-08-27,"239"
"591",0.701668575917778,86,2018,2018-08-28,"240"
"592",0.638749748945975,87,2018,2018-08-29,"241"
"593",0.580695982579981,88,2018,2018-08-30,"242"
"594",0.527249644471808,89,2018,2018-08-31,"243"
"595",0.47814953567159,90,2018,2018-09-01,"244"
"596",0.433133655198338,91,2018,2018-09-02,"245"
"597",0.391941766292058,92,2018,2018-09-03,"246"
"598",0.354317713546878,93,2018,2018-09-04,"247"
"599",0.320011455285883,94,2018,2018-09-05,"248"
"600",0.288780790519139,95,2018,2018-09-06,"249"
"601",0.260392773684142,96,2018,2018-09-07,"250"
"602",0.2346248224137,97,2018,2018-09-08,"251"
"603",0.211265533390964,98,2018,2018-09-09,"252"
"604",0.190115228768422,99,2018,2018-09-10,"253"
"605",0.170986260691731,100,2018,2018-09-11,"254"
"606",0.153703104382394,101,2018,2018-09-12,"255"
"607",0.13810227129944,102,2018,2018-09-13,"256"
"608",0.124032073473817,103,2018,2018-09-14,"257"
"609",0.111352268553552,104,2018,2018-09-15,"258"
"610",0.0999336127547648,105,2018,2018-09-16,"259"
"611",0.0896573460839247,106,2018,2018-09-17,"260"
"612",0.0804146311300233,107,2018,2018-09-18,"261"
"613",0.0721059636172248,108,2018,2018-09-19,"262"
"614",0.0646405699038407,109,2018,2018-09-20,"263"
"615",0.0579358038112993,110,2018,2018-09-21,"264"
"616",0.0519165526284929,111,2018,2018-09-22,"265"
"617",0.0465146598935663,112,2018,2018-09-23,"266"
"618",0.041668370615167,113,2018,2018-09-24,"267"
"619",0.0373218029504181,114,2018,2018-09-25,"268"
"620",0.0334244489885919,115,2018,2018-09-26,"269"
"621",0.0299307061723296,116,2018,2018-09-27,"270"
"622",0.0267994399937507,117,2018,2018-09-28,"271"
"623",0.0239935779016017,118,2018,2018-09-29,"272"
"624",0.0214797338192286,119,2018,2018-09-30,"273"
"625",0.0192278622750231,120,2018,2018-10-01,"274"
"626",0.017210940863018,121,2018,2018-10-02,"275"
"627",0.0154046795601725,122,2018,2018-10-03,"276"
"628",0.0137872553101016,123,2018,2018-10-04,"277"
"629",0.0123390702247938,124,2018,2018-10-05,"278"
"630",0.0110425317429447,125,2018,2018-10-06,"279"
"631",0.00988185310491427,126,2018,2018-10-07,"280"
"632",0.00884287255095957,127,2018,2018-10-08,"281"
"633",0.00791288971401385,128,2018,2018-10-09,"282"
"634",0.0070805177550349,129,2018,2018-10-10,"283"
"635",0.00633554987323273,130,2018,2018-10-11,"284"
"636",0.00566883891173091,131,2018,2018-10-12,"285"
"637",0.00507218886867965,132,2018,2018-10-13,"286"
"638",0.00453825721247163,133,2018,2018-10-14,"287"
"639",0.00406046698601244,134,2018,2018-10-15,"288"
"640",0.00363292776790682,135,2018,2018-10-16,"289"
"641",0.00325036463722455,136,2018,2018-10-17,"290"
"642",0.00290805436276385,137,2018,2018-10-18,"291"
"643",0.00260176810719897,138,2018,2018-10-19,"292"
"644",0.00232772000110577,139,2018,2018-10-20,"293"
"645",0.00208252100164305,140,2018,2018-10-21,"294"
"646",0.00186313750575427,141,2018,2018-10-22,"295"
"647",3.36207918745533,1,2019,2019-06-03,"154"
"648",3.08520591008022,2,2019,2019-06-04,"155"
"649",3.3976997230563,3,2019,2019-06-05,"156"
"650",3.68102393357871,4,2019,2019-06-06,"157"
"651",3.93995284584268,5,2019,2019-06-07,"158"
"652",4.17810959291657,6,2019,2019-06-08,"159"
"653",4.39832188375008,7,2019,2019-06-09,"160"
"654",4.6028473740195,8,2019,2019-06-10,"161"
"655",4.79352282610252,9,2019,2019-06-11,"162"
"656",4.971866436695,10,2019,2019-06-12,"163"
"657",5.13915017474233,11,2019,2019-06-13,"164"
"658",5.29645223898182,12,2019,2019-06-14,"165"
"659",5.44469594214851,13,2019,2019-06-15,"166"
"660",5.58467908904143,14,2019,2019-06-16,"167"
"661",5.71709654741773,15,2019,2019-06-17,"168"
"662",5.5256436271038,16,2019,2019-06-18,"169"
"663",5.28108153299413,17,2019,2019-06-19,"170"
"664",5.04118449444371,18,2019,2019-06-20,"171"
"665",4.80610872708561,19,2019,2019-06-21,"172"
"666",4.57601215411156,20,2019,2019-06-22,"173"
"667",4.3510536664713,21,2019,2019-06-23,"174"
"668",4.13139225618133,22,2019,2019-06-24,"175"
"669",3.91718601445416,23,2019,2019-06-25,"176"
"670",3.70859098830739,24,2019,2019-06-26,"177"
"671",3.50575989206139,25,2019,2019-06-27,"178"
"672",3.30884067378793,26,2019,2019-06-28,"179"
"673",3.1179749414055,27,2019,2019-06-29,"180"
"674",2.93329625875802,28,2019,2019-06-30,"181"
"675",2.7549283286223,29,2019,2019-07-01,"182"
"676",2.58298308703836,30,2019,2019-07-02,"183"
"677",2.417558741404,31,2019,2019-07-03,"184"
"678",2.258737793058,32,2019,2019-07-04,"185"
"679",2.10658509309836,33,2019,2019-07-05,"186"
"680",1.96114598732809,34,2019,2019-07-06,"187"
"681",1.82244461178467,35,2019,2019-07-07,"188"
"682",1.69048240354429,36,2019,2019-07-08,"189"
"683",1.69685338243648,37,2019,2019-07-09,"190"
"684",2.17763416851446,38,2019,2019-07-10,"191"
"685",2.59157623266941,39,2019,2019-07-11,"192"
"686",2.95578281177389,40,2019,2019-07-12,"193"
"687",3.28112509920388,41,2019,2019-07-13,"194"
"688",3.57503811820418,42,2019,2019-07-14,"195"
"689",3.84287917183299,43,2019,2019-07-15,"196"
"690",4.08866278781582,44,2019,2019-07-16,"197"
"691",4.31549074263188,45,2019,2019-07-17,"198"
"692",4.52581921868281,46,2019,2019-07-18,"199"
"693",4.72163285204217,47,2019,2019-07-19,"200"
"694",4.58764836664926,48,2019,2019-07-20,"201"
"695",4.36242343092754,49,2019,2019-07-21,"202"
"696",4.14248745977389,50,2019,2019-07-22,"203"
"697",3.92799861693948,51,2019,2019-07-23,"204"
"698",3.71911308391689,52,2019,2019-07-24,"205"
"699",3.5159837788875,53,2019,2019-07-25,"206"
"700",3.31875893051264,54,2019,2019-07-26,"207"
"701",3.12758051100346,55,2019,2019-07-27,"208"
"702",2.94258253849323,56,2019,2019-07-28,"209"
"703",2.76388926529838,57,2019,2019-07-29,"210"
"704",2.59161327606419,58,2019,2019-07-30,"211"
"705",2.42585352781618,59,2019,2019-07-31,"212"
"706",2.26669337221972,60,2019,2019-08-01,"213"
"707",2.1141986083999,61,2019,2019-08-02,"214"
"708",1.96841562188114,62,2019,2019-08-03,"215"
"709",1.82936967086818,63,2019,2019-08-04,"216"
"710",1.69706338446257,64,2019,2019-08-05,"217"
"711",1.82574194114411,65,2019,2019-08-06,"218"
"712",2.28752216971093,66,2019,2019-08-07,"219"
"713",2.68762261710885,67,2019,2019-08-08,"220"
"714",3.04116917064651,68,2019,2019-08-09,"221"
"715",3.35798171470944,69,2019,2019-08-10,"222"
"716",3.64487594254081,70,2019,2019-08-11,"223"
"717",3.90681670153735,71,2019,2019-08-12,"224"
"718",4.14755583153365,72,2019,2019-08-13,"225"
"719",4.3700116048019,73,2019,2019-08-14,"226"
"720",4.57650753788334,74,2019,2019-08-15,"227"
"721",4.76892961081362,75,2019,2019-08-16,"228"
"722",4.9488336507,76,2019,2019-08-17,"229"
"723",5.11752096334632,77,2019,2019-08-18,"230"
"724",5.27609300607029,78,2019,2019-08-19,"231"
"725",4.98519231215343,79,2019,2019-08-20,"232"
"726",4.75127889040496,80,2019,2019-08-21,"233"
"727",4.52238215367874,81,2019,2019-08-22,"234"
"728",4.29866109991586,82,2019,2019-08-23,"235"
"729",4.08027460384086,83,2019,2019-08-24,"236"
"730",3.86738038213191,84,2019,2019-08-25,"237"
"731",3.66013381594199,85,2019,2019-08-26,"238"
"732",3.45868662795819,86,2019,2019-08-27,"239"
"733",3.26318541506618,87,2019,2019-08-28,"240"
"734",3.07377004255784,88,2019,2019-08-29,"241"
"735",2.8905719116961,89,2019,2019-08-30,"242"
"736",2.71371211927415,90,2019,2019-08-31,"243"
"737",2.54329953542186,91,2019,2019-09-01,"244"
"738",2.37942883405334,92,2019,2019-09-02,"245"
"739",2.31027212088927,93,2019,2019-09-03,"246"
"740",2.70756719205001,94,2019,2019-09-04,"247"
"741",3.0589384100357,95,2019,2019-09-05,"248"
"742",3.37400182071324,96,2019,2019-09-06,"249"
"743",3.65945146819463,97,2019,2019-09-07,"250"
"744",3.9201743755731,98,2019,2019-09-08,"251"
"745",4.15986990888835,99,2019,2019-09-09,"252"
"746",4.38141947067649,100,2019,2019-09-10,"253"
"747",4.58711979595839,101,2019,2019-09-11,"254"
"748",4.77883687058843,102,2019,2019-09-12,"255"
"749",4.95811124736494,103,2019,2019-09-13,"256"
"750",5.126232332634,104,2019,2019-09-14,"257"
"751",5.28429215551863,105,2019,2019-09-15,"258"
"752",5.43322515947725,106,2019,2019-09-16,"259"
"753",5.57383822308462,107,2019,2019-09-17,"260"
"754",5.70683369575135,108,2019,2019-09-18,"261"
"755",5.83282734029125,109,2019,2019-09-19,"262"
"756",5.95236249621044,110,2019,2019-09-20,"263"
"757",6.06592139444067,111,2019,2019-09-21,"264"
"758",6.1739342946284,112,2019,2019-09-22,"265"
"759",6.27678693669084,113,2019,2019-09-23,"266"
"760",6.37482667215714,114,2019,2019-09-24,"267"
"761",6.46836755060662,115,2019,2019-09-25,"268"
"762",6.55769457108088,116,2019,2019-09-26,"269"
"763",6.64306726023977,117,2019,2019-09-27,"270"
"764",6.72472270322435,118,2019,2019-09-28,"271"
"765",6.80287812623452,119,2019,2019-09-29,"272"
"766",6.87773310932179,120,2019,2019-09-30,"273"
"767",6.94947149214349,121,2019,2019-10-01,"274"
"768",7.01826302321202,122,2019,2019-10-02,"275"
"769",7.08426479362431,123,2019,2019-10-03,"276"
"770",7.14762248873271,124,2019,2019-10-04,"277"
"771",7.2084714852449,125,2019,2019-10-05,"278"
"772",7.26693781646544,126,2019,2019-10-06,"279"
"773",7.32313902454881,127,2019,2019-10-07,"280"
"774",7.37718491552273,128,2019,2019-10-08,"281"
"775",7.42917823030678,129,2019,2019-10-09,"282"
"776",7.47921524287626,130,2019,2019-10-10,"283"
"777",7.52738629501359,131,2019,2019-10-11,"284"
"778",7.57377627567624,132,2019,2019-10-12,"285"
"779",7.61846505183565,133,2019,2019-10-13,"286"
"780",7.66152785666149,134,2019,2019-10-14,"287"
"781",7.70303564010285,135,2019,2019-10-15,"288"
"782",0.0496349464509658,1,2020,2020-06-01,"153"
"783",0.0444675440306399,2,2020,2020-06-02,"154"
"784",0.0398321955306901,3,2020,2020-06-03,"155"
"785",0.0356752769204772,4,2020,2020-06-04,"156"
"786",0.0319483425866647,5,2020,2020-06-05,"157"
"787",0.0286076695199317,6,2020,2020-06-06,"158"
"788",0.0256138328252207,7,2020,2020-06-07,"159"
"789",0.022931312253809,8,2020,2020-06-08,"160"
"790",0.0205281289787783,9,2020,2020-06-09,"161"
"791",0.0183755114867944,10,2020,2020-06-10,"162"
"792",0.0164475892155465,11,2020,2020-06-11,"163"
"793",0.0147211124075599,12,2020,2020-06-12,"164"
"794",0.013175196560044,13,2020,2020-06-13,"165"
"795",0.011791089812231,14,2020,2020-06-14,"166"
"796",0.0105519616139905,15,2020,2020-06-15,"167"
"797",0.00944271105221291,16,2020,2020-06-16,"168"
"798",0.00844979326624754,17,2020,2020-06-17,"169"
"799",0.00756106245389348,18,2020,2020-06-18,"170"
"800",0.00676563004977446,19,2020,2020-06-19,"171"
"801",0.00605373674421331,20,2020,2020-06-20,"172"
"802",0.00541663709975508,21,2020,2020-06-21,"173"
"803",0.0048464956118248,22,2020,2020-06-22,"174"
"804",0.00433629314783918,23,2020,2020-06-23,"175"
"805",0.0038797427841104,24,2020,2020-06-24,"176"
"806",0.00347121414117879,25,2020,2020-06-25,"177"
"807",0.00310566539519264,26,2020,2020-06-26,"178"
"808",0.00277858221526764,27,2020,2020-06-27,"179"
"809",0.00248592294423984,28,2020,2020-06-28,"180"
"810",0.0022240694028486,29,2020,2020-06-29,"181"
"811",0.336064923639692,30,2020,2020-06-30,"182"
"812",1.0863700930104,31,2020,2020-07-01,"183"
"813",1.6702296054101,32,2020,2020-07-02,"184"
"814",2.15504287167487,33,2020,2020-07-03,"185"
"815",2.4028708915928,34,2020,2020-07-04,"186"
"816",2.45091115721266,35,2020,2020-07-05,"187"
"817",2.40875049757274,36,2020,2020-07-06,"188"
"818",2.62511064822193,37,2020,2020-07-07,"189"
"819",2.98556018066458,38,2020,2020-07-08,"190"
"820",3.3079041525805,39,2020,2020-07-09,"191"
"821",3.59935486487597,40,2020,2020-07-10,"192"
"822",3.86512919592174,41,2020,2020-07-11,"193"
"823",3.79223382390611,42,2020,2020-07-12,"194"
"824",3.72515774700289,43,2020,2020-07-13,"195"
"825",3.98044764932382,44,2020,2020-07-14,"196"
"826",4.21547765198998,45,2020,2020-07-15,"197"
"827",4.43296878921422,46,2020,2020-07-16,"198"
"828",4.63510080002559,47,2020,2020-07-17,"199"
"829",4.82365200769135,48,2020,2020-07-18,"200"
"830",5.00009579008228,49,2020,2020-07-19,"201"
"831",5.16566908254867,50,2020,2020-07-20,"202"
"832",5.32142224490187,51,2020,2020-07-21,"203"
"833",5.4682561481408,52,2020,2020-07-22,"204"
"834",5.11397259871215,53,2020,2020-07-23,"205"
"835",4.93823299573843,54,2020,2020-07-24,"206"
"836",5.10756872308896,55,2020,2020-07-25,"207"
"837",5.26672714680861,56,2020,2020-07-26,"208"
"838",5.4166590264899,57,2020,2020-07-27,"209"
"839",5.55818452598816,58,2020,2020-07-28,"210"
"840",5.69201693743765,59,2020,2020-07-29,"211"
"841",5.81878112999204,60,2020,2020-07-30,"212"
"842",5.93902809156983,61,2020,2020-07-31,"213"
"843",6.0532465307845,62,2020,2020-08-01,"214"
"844",6.16187223511318,63,2020,2020-08-02,"215"
"845",6.26529569440141,64,2020,2020-08-03,"216"
"846",6.3638683675484,65,2020,2020-08-04,"217"
"847",6.45790787655849,66,2020,2020-08-05,"218"
"848",6.54770234431473,67,2020,2020-08-06,"219"
"849",6.63351404263603,68,2020,2020-08-07,"220"
"850",6.71558248016706,69,2020,2020-08-08,"221"
"851",6.79412703182173,70,2020,2020-08-09,"222"
"852",6.86934919035433,71,2020,2020-08-10,"223"
"853",6.94143450440476,72,2020,2020-08-11,"224"
"854",7.01055425479668,73,2020,2020-08-12,"225"
"855",7.07686691105109,74,2020,2020-08-13,"226"
"856",7.14051940234924,75,2020,2020-08-14,"227"
"857",7.20164823104819,76,2020,2020-08-15,"228"
"858",7.2603804519551,77,2020,2020-08-16,"229"
"859",7.31683453662855,78,2020,2020-08-17,"230"
"860",7.37112113878896,79,2020,2020-08-18,"231"
"861",7.42334377432733,80,2020,2020-08-19,"232"
"862",7.473599427279,81,2020,2020-08-20,"233"
"863",7.52197909138345,82,2020,2020-08-21,"234"
"864",7.56856825540761,83,2020,2020-08-22,"235"
"865",7.61344733921057,84,2020,2020-08-23,"236"
"866",7.65669208652728,85,2020,2020-08-24,"237"
"867",7.69837391960984,86,2020,2020-08-25,"238"
"868",7.73856026015921,87,2020,2020-08-26,"239"
"869",7.77731482038413,88,2020,2020-08-27,"240"
"870",7.81469786751827,89,2020,2020-08-28,"241"
"871",7.85076646469647,90,2020,2020-08-29,"242"
"872",7.88557469072357,91,2020,2020-08-30,"243"
"873",7.91917384095464,92,2020,2020-08-31,"244"
"874",7.95161261123493,93,2020,2020-09-01,"245"
"875",7.98293726661472,94,2020,2020-09-02,"246"
"876",8.01319179635268,95,2020,2020-09-03,"247"
"877",8.04241805654695,96,2020,2020-09-04,"248"
"878",8.07065590158075,97,2020,2020-09-05,"249"
"879",8.0979433054377,98,2020,2020-09-06,"250"
"880",8.12431647382576,99,2020,2020-09-07,"251"
"881",8.14980994794801,100,2020,2020-09-08,"252"
"882",8.17445670066932,101,2020,2020-09-09,"253"
"883",8.19828822574999,102,2020,2020-09-10,"254"
"884",8.2213346207484,103,2020,2020-09-11,"255"
"885",7.87389140624777,104,2020,2020-09-12,"256"
"886",7.59431729669112,105,2020,2020-09-13,"257"
"887",7.31816786155373,106,2020,2020-09-14,"258"
"888",7.04556724207436,107,2020,2020-09-15,"259"
"889",6.77664387361721,108,2020,2020-09-16,"260"
"890",6.5115304402865,109,2020,2020-09-17,"261"
"891",6.25036378627546,110,2020,2020-09-18,"262"
"892",5.99328477647271,111,2020,2020-09-19,"263"
"893",5.74043809810028,112,2020,2020-09-20,"264"
"894",5.49197199444205,113,2020,2020-09-21,"265"
"895",5.24803792107853,114,2020,2020-09-22,"266"
"896",5.00879011452664,115,2020,2020-09-23,"267"
"897",4.77438506285613,116,2020,2020-09-24,"268"
"898",4.54498086779508,117,2020,2020-09-25,"269"
"899",4.28174267703984,118,2020,2020-09-26,"270"
"900",4.49446875750807,119,2020,2020-09-27,"271"
"901",4.69240031233838,120,2020,2020-09-28,"272"
"902",4.87721659352204,121,2020,2020-09-29,"273"
"903",5.05031464641422,122,2020,2020-09-30,"274"
"904",5.21287150180415,123,2020,2020-10-01,"275"
"905",5.36588975230656,124,2020,2020-10-02,"276"
"906",5.51023164528677,125,2020,2020-10-03,"277"
"907",5.64664504754696,126,2020,2020-10-04,"278"
"908",5.77578353505026,127,2020,2020-10-05,"279"
"909",5.8982221570788,128,2020,2020-10-06,"280"
"910",6.01446996273915,129,2020,2020-10-07,"281"
"911",6.1249800680859,130,2020,2020-10-08,"282"
"912",6.230157830032,131,2020,2020-10-09,"283"
"913",6.33036754519697,132,2020,2020-10-10,"284"
"914",6.42593798679705,133,2020,2020-10-11,"285"
"915",6.51716701697992,134,2020,2020-10-12,"286"
"916",6.60432545668593,135,2020,2020-10-13,"287"
"917",6.68766035416925,136,2020,2020-10-14,"288"
"918",6.76739776264283,137,2020,2020-10-15,"289"
